date,app_name,apk_name,big_class,label,market
2018-09-20,会操盘,com.spd9.app.hcp,金融理财,,小米应用市场
2018-09-20,信汇通,com.ielpm.xinhuitong,金融理财,,小米应用市场
2018-09-20,微贷普惠,com.yaqi.idai,金融理财,,小米应用市场
2018-09-20,有鱼股票,com.ruifusoft.finance.app,金融理财,,小米应用市场
2018-09-20,汇易购,com.ylhuiyigou.app.ui,金融理财,,小米应用市场
2018-09-20,平安口袋银行,com.pingan.paces.ccms,金融理财,,小米应用市场
2018-09-20,小方,com.foundersc.app.xf,金融理财,,小米应用市场
2018-09-20,诸葛理财,com.zglc.financing,金融理财,,小米应用市场
2018-09-20,猎豹外汇,com.funforex.cheetahthressforex,金融理财,,小米应用市场
2018-09-20,随便借贷款-现金贷,com.caijin.suibianjie,金融理财,,小米应用市场
2018-09-20,进门财经,cn.comein,金融理财,,小米应用市场
2018-09-20,借条现金借款,com.yihan.robom,金融理财,,小米应用市场
2018-09-20,中财在线,com.zhongcai.online,金融理财,,小米应用市场
2018-09-20,贷款无忧,com.qmdk.dkwy,金融理财,,小米应用市场
2018-09-20,友借贷款,com.iparky.youjiedk,金融理财,,小米应用市场
2018-09-20,合利普慧,com.td.qianhai.epay.hlph,金融理财,,小米应用市场
2018-09-20,牛呗借钱借款,com.niuwa.niubei.android,金融理财,,小米应用市场
2018-09-20,牛娃投资,com.niuwa.app.android,金融理财,,小米应用市场
2018-09-20,微视财经,com.yunzhang.weishicaijing,金融理财,,小米应用市场
2018-09-20,期货投资,com.happ.tz,金融理财,,小米应用市场
2018-09-20,大操盘手,com.agutong.trader,金融理财,,小米应用市场
2018-09-20,找银,com.huatong.ebaiyin,金融理财,,小米应用市场
2018-09-20,聚合信用,com.supermarket,金融理财,,小米应用市场
2018-09-20,今日还款,com.goldccm.goldccmapp,金融理财,,小米应用市场
2018-09-20,豆豆钱,com.vcredit.ddcash,金融理财,,小米应用市场
2018-09-20,出钱宝,com.sytz.cqb,金融理财,,小米应用市场
2018-09-20,红蚁宝,com.weiyu.hongyi,金融理财,,小米应用市场
2018-09-20,悟空卡管家,com.yitkeji.wukongkabao,金融理财,,小米应用市场
2018-09-20,人人交易网,com.sm.stock.smstocktrade,金融理财,,小米应用市场
2018-09-20,鑫联盟,com.suixingpay.tssapp,金融理财,,小米应用市场
2018-09-20,钱盒商户通,com.iboxpay.minicashbox,金融理财,,小米应用市场
2018-09-20,达人贷P2P,com.daren.drdapp,金融理财,,小米应用市场
2018-09-20,连资贷,com.lianzidai.app,金融理财,,小米应用市场
2018-09-20,今金贷,com.duihao.jjd,金融理财,,小米应用市场
2018-09-20,熊猫贷款-轻松借钱,com.mg.pandaloan,金融理财,,小米应用市场
2018-09-20,白领贷,com.mxd.office,金融理财,,小米应用市场
2018-09-20,铭仁理财师,com.inside.mingren,金融理财,,小米应用市场
2018-09-20,易快借,com.yikuaijie.app,金融理财,,小米应用市场
2018-09-20,铜板街,com.tongbanjie.android,金融理财,,小米应用市场
2018-09-20,维信现贷,com.vcredit.wxxd_app,金融理财,,小米应用市场
2018-09-20,闪电贷,com.rybring.xyd.shandiandai,金融理财,,小米应用市场
2018-09-20,全民付,com.sinonet.chinaums,金融理财,,小米应用市场
2018-09-20,借多钱贷款,com.duozhejinrong.jdq,金融理财,,小米应用市场
2018-09-20,随行付Plus,com.vbill.shoushua.biz,金融理财,,小米应用市场
2018-09-20,粤商贷,com.yesvion.yueshangdai,金融理财,,小米应用市场
2018-09-20,51信用卡管家,com.zhangdan.app,金融理财,,小米应用市场
2018-09-20,大行情,com.jrj.stock.smart,金融理财,,小米应用市场
2018-09-20,易股汇,com.tuhaojin.ygh,金融理财,,小米应用市场
2018-09-20,策略吧股票点买,com.clbar.wcp,金融理财,,小米应用市场
2018-09-20,秒投 StockViva,com.molecule.co.stockflash,金融理财,,小米应用市场
2018-09-20,期货大师,com.qianmo.qihuodashi1,金融理财,,小米应用市场
2018-09-20,风车理财,com.fengchelicai.fclc,金融理财,,小米应用市场
2018-09-20,资产家,com.xinhe99.zichanjia,金融理财,,小米应用市场
2018-09-20,今日捷财,com.sage.jiecai,金融理财,,小米应用市场
2018-09-20,房司令,com.fang.fangs,金融理财,,小米应用市场
2018-09-20,鑫圣贵金属,com.xsguijinshu.guijinshu,金融理财,,小米应用市场
2018-09-20,新浪港股,com.sina.ggt,金融理财,,小米应用市场
2018-09-20,今日借钱,com.qmdk.jrjq,金融理财,,小米应用市场
2018-09-20,有利网,com.yooli,金融理财,,小米应用市场
2018-09-20,水晶球财经,com.example.sjqcjstock,金融理财,,小米应用市场
2018-09-20,点指乾坤,com.qktz.qkz,金融理财,,小米应用市场
2018-09-20,马上分期,com.msxf.msg,金融理财,,小米应用市场
2018-09-20,瑞钱包,com.android.tongyi.zhangguibao.bianmin,金融理财,,小米应用市场
2018-09-20,51人品,com.enniu.fund,金融理财,,小米应用市场
2018-09-20,一起花,cc.yiqihua,金融理财,,小米应用市场
2018-09-20,马上贷,com.msxf.cash,金融理财,,小米应用市场
2018-09-20,橘子淘金,com.angjing.weipan,金融理财,,小米应用市场
2018-09-20,现金借款,com.lingyue.YqdAndroid,金融理财,,小米应用市场
2018-09-20,洋钱罐借款,com.lingyue.zebraloan,金融理财,,小米应用市场
2018-09-20,借贷花-贷款借钱,com.weiduo.jiedaihua,金融理财,,小米应用市场
2018-09-20,BFT,com.lt.happ6,金融理财,,小米应用市场
2018-09-20,BlockCC,cc.block.one,金融理财,,小米应用市场
2018-09-20,向钱贷,com.mintq.xqd,金融理财,,小米应用市场
2018-09-20,光合种子,com.guanghezhongziapp,金融理财,,小米应用市场
2018-09-20,和包支付,com.cmcc.hebao,金融理财,,小米应用市场
2018-09-20,股金宝新三板,com.example.gujb_mobile,金融理财,,小米应用市场
2018-09-20,环球智投-微赚投资,com.fyhqzt.app.ui,金融理财,,小米应用市场
2018-09-20,金凯速贷,com.xjkwl.jinkaisd,金融理财,,小米应用市场
2018-09-20,钱夹存管版,mobile.zcm.com.newzcm.contal,金融理财,,小米应用市场
2018-09-20,同花顺股票开户,com.hexin.plat.kaihu,金融理财,,小米应用市场
2018-09-20,云联掌柜,com.ylfin.shopkeeper,金融理财,,小米应用市场
2018-09-20,籽微贷,com.rongjing.zwdai,金融理财,,小米应用市场
2018-09-20,银谷普惠,com.yingu.ph.ygph.app,金融理财,,小米应用市场
2018-09-20,人人投资,com.syw.invest.rrtz,金融理财,,小米应用市场
2018-09-20,好又贷理财,com.hydbest.hydp2p,金融理财,,小米应用市场
2018-09-20,小记账-轻便账本,com.smapp.recordexpense,金融理财,,小米应用市场
2018-09-20,众金所,com.product.ppcaifu,金融理财,,小米应用市场
2018-09-20,花花购,com.yanjing.huahuagou,金融理财,,小米应用市场
2018-09-20,金太阳,com.guosen.android,金融理财,,小米应用市场
2018-09-20,天天钱袋-借钱贷款,com.tiantianqiandai.app,金融理财,,小米应用市场
2018-09-20,卡还王,com.maimob.khw,金融理财,,小米应用市场
2018-09-20,出钱快,com.tyyx.chuqiankuai,金融理财,,小米应用市场
2018-09-20,功夫借,com.mdhlw.gongfujie,金融理财,,小米应用市场
2018-09-20,华宝智投,com.hwabao.hbstockwarning,金融理财,,小米应用市场
2018-09-20,马上理财,com.mashanglc.android.licaiclient,金融理财,,小米应用市场
2018-09-20,工银现金快线,com.gongyinruixin,金融理财,,小米应用市场
2018-09-20,美丽金服,com.mogujie.mlpfapp,金融理财,,小米应用市场
2018-09-20,邯郸银行,cn.handanbank.apk,金融理财,,小米应用市场
2018-09-20,和信贷,com.hexindai.hxd,金融理财,,小米应用市场
2018-09-20,大腿贷,com.qunyajr.datuidai,金融理财,,小米应用市场
2018-09-20,现金借款贷款-钱,com.vincent.xianjinjkdk,金融理财,,小米应用市场
2018-09-20,e钱庄,cn.com.csbank,金融理财,,小米应用市场
2018-09-20,黑盘手,com.hps.model,金融理财,,小米应用市场
2018-09-20,黑牛策略,cn.stock166.hncl,金融理财,,小米应用市场
2018-09-20,趣还钱,app.com.huanqian,金融理财,,小米应用市场
2018-09-20,财视,com.cnfol.financialplanner,金融理财,,小米应用市场
2018-09-20,大麦理财,com.dmlc.app.android,金融理财,,小米应用市场
2018-09-20,口袋理财,com.kdkj.koudailicai,金融理财,,小米应用市场
2018-09-20,通联钱包,com.allinpay.tonglianqianbao,金融理财,,小米应用市场
2018-09-20,翱太理财,com.aotaijinrong.app,金融理财,,小米应用市场
2018-09-20,汇中网,com.huizhongcf.webloan,金融理财,,小米应用市场
2018-09-20,金山贷款,com.kingsoft.loan,金融理财,,小米应用市场
2018-09-20,YY信用,com.yycreditrn,金融理财,,小米应用市场
2018-09-20,股翻金融,com.trade.gnjr,金融理财,,小米应用市场
2018-09-20,记帐助手,info.kfsoft.expenseManager,金融理财,,小米应用市场
2018-09-20,今日钱包,com.wangjh.jrwallet,金融理财,,小米应用市场
2018-09-20,爱钱进,com.iqianjin.client,金融理财,,小米应用市场
2018-09-20,备卡,com.cheok.btxy.card,金融理财,,小米应用市场
2018-09-20,球伯乐,com.football.bole,金融理财,,小米应用市场
2018-09-20,华夏信财顾问版,com.hxxc.financial.app,金融理财,,小米应用市场
2018-09-20,单单拍,ppm.ctr.cctv.ctr,金融理财,,小米应用市场
2018-09-20,借闲钱-贷款借钱,com.jiexianqian.firstbank,金融理财,,小米应用市场
2018-09-20,基金决策宝,com.dkhs.portfolio,金融理财,,小米应用市场
2018-09-20,白银投,com.byyuanyoubao.app.ui,金融理财,,小米应用市场
2018-09-20,贷款荚,com.duozhejinrong.daikuanjia,金融理财,,小米应用市场
2018-09-20,益秒到,com.ruimin.phonewallet,金融理财,,小米应用市场
2018-09-20,借贷家贷款,com.dongxiangtech.jiedaijialoan,金融理财,,小米应用市场
2018-09-20,万联证券股票开户,com.cairh.khapp.wanlian.pro,金融理财,,小米应用市场
2018-09-20,叮咚收款,com.cncn.mobilemall,金融理财,,小米应用市场
2018-09-20,付临门,com.epay.impay.ui.flinmen,金融理财,,小米应用市场
2018-09-20,番茄财富,com.thinkive.android.shouchuang_invest,金融理财,,小米应用市场
2018-09-20,呱呱财经,com.guagua.finance,金融理财,,小米应用市场
2018-09-20,备付钱包,com.zfq.loanpro,金融理财,,小米应用市场
2018-09-20,厚本金融,com.houbank.houbankfinance,金融理财,,小米应用市场
2018-09-20,小赢卡贷,com.xiaoying.cardloan,金融理财,,小米应用市场
2018-09-20,迷你金服,com.blm.minidaiapp,金融理财,,小米应用市场
2018-09-20,花薪-借钱贷款平台,com.taojinjia.charlotte,金融理财,,小米应用市场
2018-09-20,微银易贷,com.wysd.vyindai,金融理财,,小米应用市场
2018-09-20,融益盈,com.android.hsyApp,金融理财,,小米应用市场
2018-09-20,今日农商行,com.rcb.daily,金融理财,,小米应用市场
2018-09-20,河南农信,com.hnnx.mbank,金融理财,,小米应用市场
2018-09-20,汇和直销银行,com.csii.zhixiaoyinhang.huihe_android,金融理财,,小米应用市场
2018-09-20,投哪网,cn.touna.touna,金融理财,,小米应用市场
2018-09-20,比特币钱包,com.btcqbgbb.gbbqbbtc,金融理财,,小米应用市场
2018-09-20,66钱庄借款,com.pluosi.qianzhuang66,金融理财,,小米应用市场
2018-09-20,点点金,com.ddy98.ddjin,金融理财,,小米应用市场
2018-09-20,有钱用,com.mljr.pdloan,金融理财,,小米应用市场
2018-09-20,芝米钱包,com.csii.gynsdirectbank,金融理财,,小米应用市场
2018-09-20,集金,com.sp2p.slh,金融理财,,小米应用市场
2018-09-20,贝客钱包,bec.wallet.app,金融理财,,小米应用市场
2018-09-20,开鑫金服,com.gkkxd,金融理财,,小米应用市场
2018-09-20,捷速贷,com.yame.caidai108,金融理财,,小米应用市场
2018-09-20,望财,com.wangcai.android,金融理财,,小米应用市场
2018-09-20,WE Token,com.btc.wetoken,金融理财,,小米应用市场
2018-09-20,爱嘉富,com.ajf.android,金融理财,,小米应用市场
2018-09-20,赚啦,com.beikbank.android,金融理财,,小米应用市场
2018-09-20,信用管家借钱,com.greate.myapplication,金融理财,,小米应用市场
2018-09-20,缺钱么,com.queqianme.speed.app,金融理财,,小米应用市场
2018-09-20,全民易贷借款,com.duozhejinrong.qmyd,金融理财,,小米应用市场
2018-09-20,贷呗,com.yaqi,金融理财,,小米应用市场
2018-09-20,理想财富,com.treasure.dreamstock,金融理财,,小米应用市场
2018-09-20,安心借,com.huirongtech.axy,金融理财,,小米应用市场
2018-09-20,弘高汽车汇,com.etong.userdvehicleguest,金融理财,,小米应用市场
2018-09-20,众安保险,com.zhongan.insurance,金融理财,,小米应用市场
2018-09-20,私募9私聊,com.jiutouxiang,金融理财,,小米应用市场
2018-09-20,多享金汇-借钱贷款,com.qianpen.duoxiang.app,金融理财,,小米应用市场
2018-09-20,壹手黄金,com.one.gold,金融理财,,小米应用市场
2018-09-20,财秘,com.example.kf.fundreference,金融理财,,小米应用市场
2018-09-20,黄金树,com.goldtree,金融理财,,小米应用市场
2018-09-20,卡榜,io.dcloud.H5FE76B7A,金融理财,,小米应用市场
2018-09-20,随手记,com.mymoney,金融理财,,小米应用市场
2018-09-20,商医惠,com.jzdz.businessyh,金融理财,,小米应用市场
2018-09-20,融贷贷款借钱,com.pingxun.loantreechange,金融理财,,小米应用市场
2018-09-20,至善基金,com.zensure.fundinvestor,金融理财,,小米应用市场
2018-09-20,立木征信,com.anassert,金融理财,,小米应用市场
2018-09-20,金猫管家,com.goldencat.mobile,金融理财,,小米应用市场
2018-09-20,一点成圆,com.ydcylc.ydcy,金融理财,,小米应用市场
2018-09-20,藕丁钱包易贷,www.jiejiejie.com.odin,金融理财,,小米应用市场
2018-09-20,金额宝,com.xintou.jebao,金融理财,,小米应用市场
2018-09-20,微众银行,com.webank.wemoney,金融理财,,小米应用市场
2018-09-20,趣管账-分期贷款,com.finsphere.qucredit,金融理财,,小米应用市场
2018-09-20,网商金融,com.example.wangshang,金融理财,,小米应用市场
2018-09-20,富明证券,com.haotougu.pegasus,金融理财,,小米应用市场
2018-09-20,E都市钱包,com.rd.chux,金融理财,,小米应用市场
2018-09-20,广发基金,com.hctforgf.gff,金融理财,,小米应用市场
2018-09-20,鲸鱼,com.jinr.core,金融理财,,小米应用市场
2018-09-20,侬要贷,com.creativearts.nyd,金融理财,,小米应用市场
2018-09-20,平安口袋财务,com.csii.pab,金融理财,,小米应用市场
2018-09-20,借贷钱宝-贷款软件,cn.toput.qianbao,金融理财,,小米应用市场
2018-09-20,借贷宝,com.rrh.jdb,金融理财,,小米应用市场
2018-09-20,小雨伞保险,com.xiaoyusan.android,金融理财,,小米应用市场
2018-09-20,肥牛钱包,com.axkj.feiniuqb,金融理财,,小米应用市场
2018-09-20,乐享无限,com.lxwx.lexiangwuxian,金融理财,,小米应用市场
2018-09-20,急速贷-借钱贷款,com.zqxq.jsdk,金融理财,,小米应用市场
2018-09-20,如e科技,com.ryjf.customer,金融理财,,小米应用市场
2018-09-20,东风PSA金融商,cn.com.dpcafc.dealer2,金融理财,,小米应用市场
2018-09-20,有鱼公积金查询,com.gjj.cxyy,金融理财,,小米应用市场
2018-09-20,朝阳世纪,shiji.szkingdom.android.newphone,金融理财,,小米应用市场
2018-09-20,极速借钱-贷款,com.zqxq.jisujieqian,金融理财,,小米应用市场
2018-09-20,借钱花呗,com.rybring.huabei,金融理财,,小米应用市场
2018-09-20,车e融,com.w549459805.wms,金融理财,,小米应用市场
2018-09-20,汇富外汇黄金现货,com.gwtsz.gts2.bj,金融理财,,小米应用市场
2018-09-20,联连普金,com.luluyou.licai,金融理财,,小米应用市场
2018-09-20,掌乾财经,com.hjgxkj.zhangqian,金融理财,,小米应用市场
2018-09-20,股票机器人,com.owxo.gupiaojiqiren,金融理财,,小米应用市场
2018-09-20,洞视智汇,com.zhiyunqiao.pr,金融理财,,小米应用市场
2018-09-20,贝贷,com.beirong.beidai,金融理财,,小米应用市场
2018-09-20,京东金融,com.jd.jrapp,金融理财,,小米应用市场
2018-09-20,中安信业贷款,cn.zac.esd,金融理财,,小米应用市场
2018-09-20,身份证借钱钱包,com.sfz.sfzjqqb,金融理财,,小米应用市场
2018-09-20,沃贷宝,com.wodaibao.app.android,金融理财,,小米应用市场
2018-09-20,国都交易宝,com.tsci.gds,金融理财,,小米应用市场
2018-09-20,小狐分期,com.souyidai.fox,金融理财,,小米应用市场
2018-09-20,随心花,com.yuecai.suixinhua,金融理财,,小米应用市场
2018-09-20,银承库,com.yinchengku.b2b.lcz,金融理财,,小米应用市场
2018-09-20,小桥金融,com.xqjr.xqjrc,金融理财,,小米应用市场
2018-09-20,现金分期贷,com.example.xjfqdyb,金融理财,,小米应用市场
2018-09-20,私募通,com.zero2ipo.pedata,金融理财,,小米应用市场
2018-09-20,钱包管家,com.imohoo.managercard,金融理财,,小米应用市场
2018-09-20,麦麦提投资,com.maimaitip2p,金融理财,,小米应用市场
2018-09-20,纵横理财,com.fintechzh.zhfinancial,金融理财,,小米应用市场
2018-09-20,哥哥贷-贷款借钱,com.heibiao.market,金融理财,,小米应用市场
2018-09-20,满币,com.coinbene.acode,金融理财,,小米应用市场
2018-09-20,建信基金,com.ccb.zzb.activity,金融理财,,小米应用市场
2018-09-20,信用精灵,com.ppdai.creditmanager,金融理财,,小米应用市场
2018-09-20,征信查询-查信用,com.anniu.creditcheck,金融理财,,小米应用市场
2018-09-20,股票大数据,com.owxo.gupiaodashuju,金融理财,,小米应用市场
2018-09-20,安心投,com.fangxin.anxintou,金融理财,,小米应用市场
2018-09-20,牛币-比特币行情,com.lixun.coinbull,金融理财,,小米应用市场
2018-09-20,撸米王,com.fuzhou.lumiwang,金融理财,,小米应用市场
2018-09-20,海豚记账本,cn.ftoutiao.account.android,金融理财,,小米应用市场
2018-09-20,大智慧,com.android.dazhihui,金融理财,,小米应用市场
2018-09-20,56智能卡管家,com.zhenyi.repaymanager,金融理财,,小米应用市场
2018-09-20,快速贷款,com.ksdk.credit,金融理财,,小米应用市场
2018-09-20,简单贷款,com.jddk.credit,金融理财,,小米应用市场
2018-09-20,西南金点子,com.hexin.plat.android.XinanSecurity,金融理财,,小米应用市场
2018-09-20,泰保险,com.taihe.agentapp,金融理财,,小米应用市场
2018-09-20,遵义长征村镇银行,com.softbank.mbank.xy.zycz,金融理财,,小米应用市场
2018-09-20,恒指,com.hzqh.qh,金融理财,,小米应用市场
2018-09-20,铜元汇,com.tyh.tylc,金融理财,,小米应用市场
2018-09-20,苏宁金融,com.suning.mobile.epa,金融理财,,小米应用市场
2018-09-20,任性还,com.gfish.rxh2_pro,金融理财,,小米应用市场
2018-09-20,兴业研究,com.richeninfo.industrialstudy,金融理财,,小米应用市场
2018-09-20,小通币咚,com.allinpay.bidong,金融理财,,小米应用市场
2018-09-20,涨停乐,com.jlch.ztl.page,金融理财,,小米应用市场
2018-09-20,明佣宝,com.tdx.androidCCZQ,金融理财,,小米应用市场
2018-09-20,万盈金融,com.wyjr.jinrong,金融理财,,小米应用市场
2018-09-20,住房借贷,com.zfjdd.credit,金融理财,,小米应用市场
2018-09-20,亚热贷款借钱,haolaidai.cloudcns.com.haolaidai_as,金融理财,,小米应用市场
2018-09-20,币氪,com.hubble.ratingRN,金融理财,,小米应用市场
2018-09-20,大连银行,com.csii.mobile.iap.bodl,金融理财,,小米应用市场
2018-09-20,鑫圣投资-外汇交易,com.xsjinye.xsforex,金融理财,,小米应用市场
2018-09-20,钱大侠,com.fengdi.qiandaxia,金融理财,,小米应用市场
2018-09-20,富勤金融,com.fqhy.cfb,金融理财,,小米应用市场
2018-09-20,知屋理财,com.zw.zwlc,金融理财,,小米应用市场
2018-09-20,卓越管家,com.zallgj,金融理财,,小米应用市场
2018-09-20,搜易贷,com.souyidai.investment.old.android,金融理财,,小米应用市场
2018-09-20,小也云贷,com.xinzt.loan,金融理财,,小米应用市场
2018-09-20,慧策略大阳线,com.chenxikeji.cwp.huiceludayangxian,金融理财,,小米应用市场
2018-09-20,向日葵保险,com.xiangrikui.sixapp,金融理财,,小米应用市场
2018-09-20,雷速体育,com.leisu.sports,金融理财,,小米应用市场
2018-09-20,申万期货,com.shengwanqihuo.pbmobile,金融理财,,小米应用市场
2018-09-20,银河钱包,com.msxiaodai.galaxywallet,金融理财,,小米应用市场
2018-09-20,好基友基金,io.dcloud.H5452F3F5,金融理财,,小米应用市场
2018-09-20,好利网理财,com.haolyy.haolyy,金融理财,,小米应用市场
2018-09-20,小财迷,com.xcm91.xiaocaimi,金融理财,,小米应用市场
2018-09-20,华股财经,com.dayingjia.stock.activity,金融理财,,小米应用市场
2018-09-20,唯链雷神钱包,com.vechain.wallet,金融理财,,小米应用市场
2018-09-20,新浪理财师-炒股票,cn.com.sina.licaishi.client,金融理财,,小米应用市场
2018-09-20,博易大师,com.byds.qh,金融理财,,小米应用市场
2018-09-20,知了选股票,com.rxhui.event,金融理财,,小米应用市场
2018-09-20,极速现金侠,com.innext.xjx,金融理财,,小米应用市场
2018-09-20,非小号,com.feixiaohao,金融理财,,小米应用市场
2018-09-20,小额现金贷款王,com.yihan.shenshu,金融理财,,小米应用市场
2018-09-20,云闪付商户通,com.unionpay.seller,金融理财,,小米应用市场
2018-09-20,阳光钱袋,com.sinosig.ygqd,金融理财,,小米应用市场
2018-09-20,轻量子,com.zhuoyan.qlz,金融理财,,小米应用市场
2018-09-20,中银国际证券,com.bocichina.e,金融理财,,小米应用市场
2018-09-20,淘股池,com.huaxuntg.tgc,金融理财,,小米应用市场
2018-09-20,浙里投,com.zhimore.zhelitou,金融理财,,小米应用市场
2018-09-20,迅动股票,com.xdstock.app.andriod.client,金融理财,,小米应用市场
2018-09-20,海富通基金,com.hftfund.android,金融理财,,小米应用市场
2018-09-20,玖印钱包,com.czwx.jywallet,金融理财,,小米应用市场
2018-09-20,百信银行,com.baixin.mobilebank,金融理财,,小米应用市场
2018-09-20,唯品金融,com.vip.jr.finance,金融理财,,小米应用市场
2018-09-20,51零用钱贷,com.example.lyq51,金融理财,,小米应用市场
2018-09-20,玺欢钱,com.jindingp2p.huax,金融理财,,小米应用市场
2018-09-20,私享云,com.cgbsoft.privatefund,金融理财,,小米应用市场
2018-09-20,捷钱,com.jieyue.loanmarket,金融理财,,小米应用市场
2018-09-20,玉米贷,com.zxy.ymloan,金融理财,,小米应用市场
2018-09-20,魔法现金,com.example.qnqb,金融理财,,小米应用市场
2018-09-20,得易金服,com.dom.deyijinfu,金融理财,,小米应用市场
2018-09-20,龙光金服,com.lgjr.p2p.ad3,金融理财,,小米应用市场
2018-09-20,即刻花-小额贷款,com.kyxx.jikeh,金融理财,,小米应用市场
2018-09-20,华商基金,com.fund.huashang,金融理财,,小米应用市场
2018-09-20,玖富钱包,com.bank9f.weilicai,金融理财,,小米应用市场
2018-09-20,招赢环球,com.cmbi.zytx,金融理财,,小米应用市场
2018-09-20,金当家,cn.golditfin.money,金融理财,,小米应用市场
2018-09-20,荷包,com.hebao.app,金融理财,,小米应用市场
2018-09-20,凡普信-借款顾问,com.finupgroup.platform,金融理财,,小米应用市场
2018-09-20,及贷,com.pp.TimelyLoan,金融理财,,小米应用市场
2018-09-20,AI固收,com.forevercq.aifixedincome,金融理财,,小米应用市场
2018-09-20,中国银河证券,com.galaxy.stock,金融理财,,小米应用市场
2018-09-20,智慧商贸进销存,com.joyintech.wise.seller.free,金融理财,,小米应用市场
2018-09-20,开盘啦,com.aiyu.kaipanla,金融理财,,小米应用市场
2018-09-20,雷达证券,com.radarbrokers.cfd,金融理财,,小米应用市场
2018-09-20,乾贷网,com.qiandw,金融理财,,小米应用市场
2018-09-20,短贷-小额现金贷,com.yaqi.mj.ddw,金融理财,,小米应用市场
2018-09-20,小额现金贷款,com.zhangzhong.loan.xjdai,金融理财,,小米应用市场
2018-09-20,成都农商银行,com.cdrcbperson.mobilebank,金融理财,,小米应用市场
2018-09-20,翼支付,com.chinatelecom.bestpayclient,金融理财,,小米应用市场
2018-09-20,鑫汇金服黄金交易,com.pme91.guoxin.app.android,金融理财,,小米应用市场
2018-09-20,京保通,com.beijinglife.jbt,金融理财,,小米应用市场
2018-09-20,天天基金,com.eastmoney.android.fund,金融理财,,小米应用市场
2018-09-20,金贝塔,com.jsfund.basket,金融理财,,小米应用市场
2018-09-20,极贷管家,com.thering.loanmarket,金融理财,,小米应用市场
2018-09-20,有信用,com.rongxin.rongx,金融理财,,小米应用市场
2018-09-20,懒投资,com.lantouzi.app,金融理财,,小米应用市场
2018-09-20,易龙智投,com.ylzt.app,金融理财,,小米应用市场
2018-09-20,借钱速贷-手机贷,cn.hnyx.bmqloan,金融理财,,小米应用市场
2018-09-20,牛跟投-股票配资,com.niugentou.hxzt,金融理财,,小米应用市场
2018-09-20,金斧子财富,com.jfz.wealth,金融理财,,小米应用市场
2018-09-20,差钱吗,com.chaqianma.investment,金融理财,,小米应用市场
2018-09-20,美付宝,com.ebc.epay.gomepay,金融理财,,小米应用市场
2018-09-20,苏州银行,com.yt.sz.szbank,金融理财,,小米应用市场
2018-09-20,原油期货通,com.yyqht.forward,金融理财,,小米应用市场
2018-09-20,壹张卡,com.zhcf.credit,金融理财,,小米应用市场
2018-09-20,龙分期,com.xssd.wfq,金融理财,,小米应用市场
2018-09-20,手机人人贷款借钱,cn.tll.sjrrdkjq,金融理财,,小米应用市场
2018-09-20,王者财经,com.iwangzhe.app,金融理财,,小米应用市场
2018-09-20,理财农场,com.nongfadai.android,金融理财,,小米应用市场
2018-09-20,中原直销银行,cn.com.zyb.directbank,金融理财,,小米应用市场
2018-09-20,分期还,com.nbkingloan.installmentloan,金融理财,,小米应用市场
2018-09-20,腾讯自选股,com.tencent.portfolio,金融理财,,小米应用市场
2018-09-20,君安在线,com.zy.policyplatform,金融理财,,小米应用市场
2018-09-20,花金宝贷款,com.example.hjbyb,金融理财,,小米应用市场
2018-09-20,玛仔汽车,com.mazai.loan,金融理财,,小米应用市场
2018-09-20,朝阳智投,com.gogoal.investment2c,金融理财,,小米应用市场
2018-09-20,恒易贷,com.hengchang.client,金融理财,,小米应用市场
2018-09-20,小存折,com.xiaocunzhe.android.app,金融理财,,小米应用市场
2018-09-20,贷来花,com.mywl.dailaih,金融理财,,小米应用市场
2018-09-20,华创e智通,com.hundsun.stockwinner.hczq,金融理财,,小米应用市场
2018-09-20,牛吧云播,com.nb350.nbyb,金融理财,,小米应用市场
2018-09-20,i代,com.cl.idaike,金融理财,,小米应用市场
2018-09-20,小牛闪贷,com.feilu.flashloan,金融理财,,小米应用市场
2018-09-20,安逸花,com.msxf.ayh,金融理财,,小米应用市场
2018-09-20,策略家,com.xhwl.moneystrategy,金融理财,,小米应用市场
2018-09-20,新纪元金服,com.newerafinance,金融理财,,小米应用市场
2018-09-20,91微操盘,com.wcp91.wcp,金融理财,,小米应用市场
2018-09-20,小树时代,com.xssd.p2p,金融理财,,小米应用市场
2018-09-20,借贷之家,com.miaoyueapp.apps.jiedaizhijia,金融理财,,小米应用市场
2018-09-20,万和金融,com.thinkive.android.wanhe_invest,金融理财,,小米应用市场
2018-09-20,人人积金,com.microfund.app,金融理财,,小米应用市场
2018-09-20,秒借易贷,com.nmgwy.miaojieyd,金融理财,,小米应用市场
2018-09-20,卡帮帮,com.kabbabc.byzk,金融理财,,小米应用市场
2018-09-20,商赢金服,com.sy.cn,金融理财,,小米应用市场
2018-09-20,云财经,com.pointercn.yunvs,金融理财,,小米应用市场
2018-09-20,付临门云商宝,cn.com.yjpay.shoufubao,金融理财,,小米应用市场
2018-09-20,中关村银行,com.mobile.zgcbank,金融理财,,小米应用市场
2018-09-20,卡多分-办卡助手,com.samoyed.banka,金融理财,,小米应用市场
2018-09-20,借钱快-手机借钱,com.jqk.credit,金融理财,,小米应用市场
2018-09-20,红海豚,com.bmmgo.live,金融理财,,小米应用市场
2018-09-20,e筐馒头,com.eb.app,金融理财,,小米应用市场
2018-09-20,财神钱包,com.xianjin.loan,金融理财,,小米应用市场
2018-09-20,百元易购,com.baiyuan.app,金融理财,,小米应用市场
2018-09-20,花哪儿记账,com.kongzue.paywhere,金融理财,,小米应用市场
2018-09-20,猪宝钱包,com.example.zhubaoqianbao20180830,金融理财,,小米应用市场
2018-09-20,钱e付,com.dotcore.yypay,金融理财,,小米应用市场
2018-09-20,拿铁智投,com.dataseed.latteadvisor,金融理财,,小米应用市场
2018-09-20,随心帮帮,com.xianhengyuanhaoda.loan.market,金融理财,,小米应用市场
2018-09-20,果树财富存管版,com.goodsureofficial,金融理财,,小米应用市场
2018-09-20,趣花生活,com.ql.qhlife,金融理财,,小米应用市场
2018-09-20,社保公积金查询,com.caiyi.fundsbgjj,金融理财,,小米应用市场
2018-09-20,小鸡理财,com.hhycdai.zhengdonghui.hhycdai,金融理财,,小米应用市场
2018-09-20,两个狒狒借款,com.finupgroup.baboonspro,金融理财,,小米应用市场
2018-09-20,股涨通,com.gangzhousc,金融理财,,小米应用市场
2018-09-20,金牛记账,com.kuxuan.jinniunote,金融理财,,小米应用市场
2018-09-20,财郎股票,com.holborn.investwise,金融理财,,小米应用市场
2018-09-20,汇有财,com.huitong.djscg,金融理财,,小米应用市场
2018-09-20,点金石,com.huitong.djs,金融理财,,小米应用市场
2018-09-20,华赢贷,net.huayingdai,金融理财,,小米应用市场
2018-09-20,中山证券,com.zssc,金融理财,,小米应用市场
2018-09-20,移动手机贷,com.droid.credit,金融理财,,小米应用市场
2018-09-20,约牛股票,com.yueniu.finance,金融理财,,小米应用市场
2018-09-20,云科贷,com.chinacreditech.client,金融理财,,小米应用市场
2018-09-20,搭伙保险,com.schy.catchfire,金融理财,,小米应用市场
2018-09-20,小鱼快借,com.xiaoyukuaijie,金融理财,,小米应用市场
2018-09-20,花上钱,com.jiucang.huashangqian,金融理财,,小米应用市场
2018-09-20,管你花,com.lishu.trafmarket.android.tubeyouspend,金融理财,,小米应用市场
2018-09-20,AstroPay Card,com.astropaycard.android,金融理财,,小米应用市场
2018-09-20,结算中心黄金,cn.com.szgold.goldv,金融理财,,小米应用市场
2018-09-20,发现精彩,com.cs_credit_bank,金融理财,,小米应用市场
2018-09-20,抢单侠,com.wisdom.lender,金融理财,,小米应用市场
2018-09-20,掌上猎金,com.hexin.android.moneyshot,金融理财,,小米应用市场
2018-09-20,小排钱包,yongdong.xpqb,金融理财,,小米应用市场
2018-09-20,短融网理财,com.duanrong.app,金融理财,,小米应用市场
2018-09-20,经传股事汇,cn.jingzhuan.stock,金融理财,,小米应用市场
2018-09-20,广州e贷-P2P投资,com.gzdai.app,金融理财,,小米应用市场
2018-09-20,雪球股票,com.xueqiu.android,金融理财,,小米应用市场
2018-09-20,金大师,com.jincehuangjin.jindashi,金融理财,,小米应用市场
2018-09-20,福卡,com.android.yufuec,金融理财,,小米应用市场
2018-09-20,第一钱庄-极速贷款,com.yhd.firstbank,金融理财,,小米应用市场
2018-09-20,e葱金融,com.xcfin.www.xcfin,金融理财,,小米应用市场
2018-09-20,亮荐,com.welfarelottery.newnet.onebasic,金融理财,,小米应用市场
2018-09-20,金太阳国际,com.guosen.android.hk,金融理财,,小米应用市场
2018-09-20,2345贷款王,com.hyron.b2b2p,金融理财,,小米应用市场
2018-09-20,趣投吧贵金属,com.zn2studio.noblemetalapp,金融理财,,小米应用市场
2018-09-20,Tiger Trade-老虎证券,com.tigerbrokers.stock,金融理财,,小米应用市场
2018-09-20,付啦信用卡管家,com.ixiye.fula.pro,金融理财,,小米应用市场
2018-09-20,老哥帮-小额贷款,com.xiaocheng.prophet,金融理财,,小米应用市场
2018-09-20,翼龙贷,com.eloancn.mclient,金融理财,,小米应用市场
2018-09-20,现金掌柜,com.zhangzhong.loan.dkzj,金融理财,,小米应用市场
2018-09-20,有还呗-代还信用卡,com.sinaif.hcreditlow,金融理财,,小米应用市场
2018-09-20,冠e通,com.gq.android,金融理财,,小米应用市场
2018-09-20,现金福狸,cn.melonmobile.xjfl,金融理财,,小米应用市场
2018-09-20,财喵星球,com.qian.xiao.er,金融理财,,小米应用市场
2018-09-20,马上贷钱,cn.melonmobile.msyq,金融理财,,小米应用市场
2018-09-20,营口银行,com.csii.yk.ui,金融理财,,小米应用市场
2018-09-20,神州车闪贷,com.szzc.fcarmobile,金融理财,,小米应用市场
2018-09-20,微品金融,cn.vpfinance.android,金融理财,,小米应用市场
2018-09-20,51公积金借款,com.balance6game.loanapp,金融理财,,小米应用市场
2018-09-20,房贷计算器,org.zcb.calculator,金融理财,,小米应用市场
2018-09-20,北银消费,com.bobcfc.person,金融理财,,小米应用市场
2018-09-20,投顾邦,com.touguyun,金融理财,,小米应用市场
2018-09-20,同花顺爱基金,com.hexin.android.bank,金融理财,,小米应用市场
2018-09-20,metatrader4外汇,com.github.mzule.majiaj,金融理财,,小米应用市场
2018-09-20,链链金融,com.lianlian.finance,金融理财,,小米应用市场
2018-09-20,应急钱罐,com.x59342553.dzk,金融理财,,小米应用市场
2018-09-20,佰宝金服,com.credithundred.bbjf,金融理财,,小米应用市场
2018-09-20,贷款钱包极速版,mobi.loanwallet,金融理财,,小米应用市场
2018-09-20,小米贷款,com.xiaomi.loan,金融理财,,小米应用市场
2018-09-20,网贷记账本,com.youjin.jizhang,金融理财,,小米应用市场
2018-09-20,股来宝,com.oak.strategy,金融理财,,小米应用市场
2018-09-20,财急送,com.scqkzqtz.CaiJiSong,金融理财,,小米应用市场
2018-09-20,信管家-期货,io.dcloud.com.xinguanjia1.qh,金融理财,,小米应用市场
2018-09-20,速借钱花,com.sjq.credit,金融理财,,小米应用市场
2018-09-20,琥珀金服,com.hoperbank.app.hpjr,金融理财,,小米应用市场
2018-09-20,厦e站,com.xmdbank.io,金融理财,,小米应用市场
2018-09-20,卡秘信用卡,com.assistant.credit,金融理财,,小米应用市场
2018-09-20,妈妈钱包,com.mmmoney.app,金融理财,,小米应用市场
2018-09-20,急用钱,com.qijiukeji.jyq,金融理财,,小米应用市场
2018-09-20,淘股神,com.taogushen,金融理财,,小米应用市场
2018-09-20,有贝钱袋,com.uubee.ULife,金融理财,,小米应用市场
2018-09-20,魔卡金服,com.jinding.MagicCard,金融理财,,小米应用市场
2018-09-20,借贷金钱借款,com.pingxun.loanmoney,金融理财,,小米应用市场
2018-09-20,碧有信,com.rd.bgy,金融理财,,小米应用市场
2018-09-20,富民融通,com.lcns.fmrt,金融理财,,小米应用市场
2018-09-20,飞笛智投,com.gohoc.afinancegeek,金融理财,,小米应用市场
2018-09-20,立扫付,com.yl.standsweeppay,金融理财,,小米应用市场
2018-09-20,金赢在线,com.szg.pm,金融理财,,小米应用市场
2018-09-20,炒股软件-股票炒股,com.hyhk.thsgmg,金融理财,,小米应用市场
2018-09-20,天天赚米-贷款,com.ttjktiantianzhuanmi.app,金融理财,,小米应用市场
2018-09-20,网信,com.ncf.firstp2p,金融理财,,小米应用市场
2018-09-20,新郑郑银村镇银行,com.xinzheng.villagebank,金融理财,,小米应用市场
2018-09-20,掌上基金-好买,howbuy.android.palmfund,金融理财,,小米应用市场
2018-09-20,富乐e家,com.pafinancialtech.mianyangbank,金融理财,,小米应用市场
2018-09-20,又一贷,cn.caima.youyidai,金融理财,,小米应用市场
2018-09-20,河马贷,com.duozhe.hemadai,金融理财,,小米应用市场
2018-09-20,坤元资产,com.hclt.kunyuanzc,金融理财,,小米应用市场
2018-09-20,真融宝,com.zrb,金融理财,,小米应用市场
2018-09-20,重庆银行,cn.com.cqb.mobilebank.per,金融理财,,小米应用市场
2018-09-20,雪盈证券,com.snowballfinance.android,金融理财,,小米应用市场
2018-09-20,龙贷,com.longdai.android,金融理财,,小米应用市场
2018-09-20,世纪证券小薇,com.zztzt.sjscgen,金融理财,,小米应用市场
2018-09-20,借贷宝贷款-借钱,com.ttqdjiedaibaodaikuan.app,金融理财,,小米应用市场
2018-09-20,我爱卡,com.woaika.kashen,金融理财,,小米应用市场
2018-09-20,暴风金融,com.baofeng.BaoFengFinance,金融理财,,小米应用市场
2018-09-20,易投资,com.lavender.ytz,金融理财,,小米应用市场
2018-09-20,金荣中国,com.jrjr.jrchina,金融理财,,小米应用市场
2018-09-20,浦发银行,cn.com.spdb.mobilebank.per,金融理财,,小米应用市场
2018-09-20,拉卡拉,com.lakala.android,金融理财,,小米应用市场
2018-09-20,商商贷,com.stanfin.ssdloanmarket,金融理财,,小米应用市场
2018-09-20,银湖网理财平台,com.yinhu.app,金融理财,,小米应用市场
2018-09-20,现金借钱-贷款借款,com.qhhy.xjjq,金融理财,,小米应用市场
2018-09-20,壹佰金,com.wangjin.yibaijin,金融理财,,小米应用市场
2018-09-20,快钱刷,com.bill99.quickswipe,金融理财,,小米应用市场
2018-09-20,平安普惠,com.paem,金融理财,,小米应用市场
2018-09-20,阿里小贷,com.example.alixdas,金融理财,,小米应用市场
2018-09-20,来牛,com.hundsun.hsnet.maidanbao,金融理财,,小米应用市场
2018-09-20,十元易购,com.easylife.ten,金融理财,,小米应用市场
2018-09-20,六六钱包,com.wenxiao.wallet,金融理财,,小米应用市场
2018-09-20,中银消费钱包,com.boccfc.wallet,金融理财,,小米应用市场
2018-09-20,资产星球,com.gohoamc.chain,金融理财,,小米应用市场
2018-09-20,量子金融,io.dcloud.H5651D4A2,金融理财,,小米应用市场
2018-09-20,阿尔法金融理财,com.ierfa,金融理财,,小米应用市场
2018-09-20,赛股吧,com.zbmf.matchstock,金融理财,,小米应用市场
2018-09-20,安心贷理财,com.junanxinnew.anxindainew,金融理财,,小米应用市场
2018-09-20,指南针股票,com.ez08.compass,金融理财,,小米应用市场
2018-09-20,闪电贷款王-贷款,com.zhangzhong.jieqianban,金融理财,,小米应用市场
2018-09-20,分付宝,com.googshe.fft,金融理财,,小米应用市场
2018-09-20,融信贷,com.yzwl.rongxind,金融理财,,小米应用市场
2018-09-20,贷款花呗,com.dkhb.credit,金融理财,,小米应用市场
2018-09-20,聚融360,com.jurong360.gron360,金融理财,,小米应用市场
2018-09-20,花财,com.union.chunxian,金融理财,,小米应用市场
2018-09-20,贷贷看,com.vcredit.o2o_client_app,金融理财,,小米应用市场
2018-09-20,链财经,com.goldrush.liancaijing,金融理财,,小米应用市场
2018-09-20,顶端财经,com.ddcj.sociax.android,金融理财,,小米应用市场
2018-09-20,找塑金融,com.zsl.zhaosubao,金融理财,,小米应用市场
2018-09-20,鑫e代,com.zztzt.huaxin,金融理财,,小米应用市场
2018-09-20,来借贷款,com.jiujiuyun.laijie,金融理财,,小米应用市场
2018-09-20,聚宝钱包,com.jvbaodai.loan,金融理财,,小米应用市场
2018-09-20,华西证券股票开户,com.hxzq.mobile.account,金融理财,,小米应用市场
2018-09-20,超级POS,com.handpay.zztong.nfcpos,金融理财,,小米应用市场
2018-09-20,绿洲闪贷,com.example.junbangdai,金融理财,,小米应用市场
2018-09-20,小鹅贷,com.digitalcloud.cashloan,金融理财,,小米应用市场
2018-09-20,卡卡贷款-极速借钱,com.hjsd.cardloan,金融理财,,小米应用市场
2018-09-20,e海通财,com.android.haitong,金融理财,,小米应用市场
2018-09-20,财狮服务,com.nado.caishilive,金融理财,,小米应用市场
2018-09-20,米贷,com.jiaoyang.jinrongmidai,金融理财,,小米应用市场
2018-09-20,浙商信用卡,com.czbank.creditcard,金融理财,,小米应用市场
2018-09-20,钱贝街,com.uubee.qianbeijie,金融理财,,小米应用市场
2018-09-20,甜橙理财,com.orangewealth.orangeclient,金融理财,,小米应用市场
2018-09-20,股票跟投炒股票,cn.com.gentou.gentouwang,金融理财,,小米应用市场
2018-09-20,钱包易借,com.ymnet.qianbyj,金融理财,,小米应用市场
2018-09-20,铜掌柜理财,com.tongmi.tzg,金融理财,,小米应用市场
2018-09-20,银饰界,com.tyl.ysj,金融理财,,小米应用市场
2018-09-20,恒信易贷,com.p2phx.ui,金融理财,,小米应用市场
2018-09-20,全码付聚合版,com.example.payment,金融理财,,小米应用市场
2018-09-20,即刻理财,com.microchuang.jikelc,金融理财,,小米应用市场
2018-09-20,牛股策略通,com.qj.gzb,金融理财,,小米应用市场
2018-09-20,借钱达人,com.daihanqiao.jqq,金融理财,,小米应用市场
2018-09-20,上行快线,com.i2finance.shexpress,金融理财,,小米应用市场
2018-09-20,还了么,com.umpay.cardcreditep,金融理财,,小米应用市场
2018-09-20,信用钱包,com.financial.quantgroup,金融理财,,小米应用市场
2018-09-20,证券之星,com.sstar.infinitefinance,金融理财,,小米应用市场
2018-09-20,开源证券肥猫,com.kyscgenuiphone,金融理财,,小米应用市场
2018-09-20,杭文投,com.rd.hangwentou,金融理财,,小米应用市场
2018-09-20,原始会,com.subject.ysh,金融理财,,小米应用市场
2018-09-20,恒信贵金属-黄金,com.gwtsz.gts2.hx,金融理财,,小米应用市场
2018-09-20,央广益学堂,com.yxcps.school.ygyxt,金融理财,,小米应用市场
2018-09-20,无忧闪贷-贷款借钱,com.flow.wysd,金融理财,,小米应用市场
2018-09-20,明陞随身助手,com.easy_accounting,金融理财,,小米应用市场
2018-09-20,兴兴理财,com.wulianglc.android,金融理财,,小米应用市场
2018-09-20,长量基金,com.example.zhangliangbao,金融理财,,小米应用市场
2018-09-20,卓铭保险,com.charminginsurance.app,金融理财,,小米应用市场
2018-09-20,借呗蚂蚁分期,io.dcloud.H5E634E92,金融理财,,小米应用市场
2018-09-20,米米罐,com.mimiguan,金融理财,,小米应用市场
2018-09-20,快贝金融,io.dcloud.H5FEFC202,金融理财,,小米应用市场
2018-09-20,住银所,com.zhuyinsuo,金融理财,,小米应用市场
2018-09-20,钱迹记账,com.mutangtech.qianji,金融理财,,小米应用市场
2018-09-20,现金白卡贷,com.treasureapp.yierba.xianjinbaikadai,金融理财,,小米应用市场
2018-09-20,钱包金融,com.haodaibao.android,金融理财,,小米应用市场
2018-09-20,手机小额贷极速版,com.chengduruize.shoujixiaoedai,金融理财,,小米应用市场
2018-09-20,柚子黄金,com.ugold.ugold,金融理财,,小米应用市场
2018-09-20,百万钱包,net.wecash.cidai,金融理财,,小米应用市场
2018-09-20,富享汇,com.fuguofxh.membersystem,金融理财,,小米应用市场
2018-09-20,沃德股市气象站,com.stockemotion.app,金融理财,,小米应用市场
2018-09-20,分七云-贷款借钱,com.waterElephant.saas,金融理财,,小米应用市场
2018-09-20,钱迎迎,com.qianyingying.android,金融理财,,小米应用市场
2018-09-20,贷款巴士-极速借钱,com.mg.loanbus,金融理财,,小米应用市场
2018-09-20,商标货架,com.android.biaojia.mallshelves,金融理财,,小米应用市场
2018-09-20,合信加,com.lavender.hexin,金融理财,,小米应用市场
2018-09-20,恒信环球投资外汇,com.gwtsz.gts2.hxfx,金融理财,,小米应用市场
2018-09-20,钱宝兼职-手机赚钱,qian.bao.partapp,金融理财,,小米应用市场
2018-09-20,Trading 212,com.avuscapital.trading212china,金融理财,,小米应用市场
2018-09-20,众众贷,com.zzd.app,金融理财,,小米应用市场
2018-09-20,Token360,com.moon2.token360,金融理财,,小米应用市场
2018-09-20,短线牛股,com.hoge.appvbafgyis1t,金融理财,,小米应用市场
2018-09-20,智远一户通,com.cmschina.stock,金融理财,,小米应用市场
2018-09-20,倒爷,com.daoyeapp.daoye,金融理财,,小米应用市场
2018-09-20,米粒速贷,com.milisudai.app,金融理财,,小米应用市场
2018-09-20,现金秘书,com.buy.xjms,金融理财,,小米应用市场
2018-09-20,百朋分期,com.bypal.instalment,金融理财,,小米应用市场
2018-09-20,今来借,com.sdkj.jinlaijie,金融理财,,小米应用市场
2018-09-20,翻翻股票策略,com.smartniu.fanfan,金融理财,,小米应用市场
2018-09-20,小生菜,com.jindingp2p.xiaoshengcai,金融理财,,小米应用市场
2018-09-20,给力花,com.yl.glh,金融理财,,小米应用市场
2018-09-20,借立得,com.rttx.jielide,金融理财,,小米应用市场
2018-09-20,麦芽贷,com.zd.myd,金融理财,,小米应用市场
2018-09-20,凡普信,com.ymnet.fanpx,金融理财,,小米应用市场
2018-09-20,花呗借钱,io.dcloud.H531C7383,金融理财,,小米应用市场
2018-09-20,创新券,com.i2p.innovation,金融理财,,小米应用市场
2018-09-20,毕投金服理财,bitoujf.com,金融理财,,小米应用市场
2018-09-20,优钱付,com.jyt.qrcode,金融理财,,小米应用市场
2018-09-20,借管家,jieqianbai.dcloud.io.jdbaicode1,金融理财,,小米应用市场
2018-09-20,中泰资管,com.qlzgzg.nettrade.android,金融理财,,小米应用市场
2018-09-20,广金所,com.gjfax.app,金融理财,,小米应用市场
2018-09-20,打个条,com.yrkj.myreceipt,金融理财,,小米应用市场
2018-09-20,小伍钱包,com.www.cn.xiaowuqianbao,金融理财,,小米应用市场
2018-09-20,微贷款钱包,com.dk.market,金融理财,,小米应用市场
2018-09-20,优时贷-借钱贷款,com.usdai.youshidai,金融理财,,小米应用市场
2018-09-20,曹操贷款,com.treasureapp.yierba.wuyaoyongqianbao,金融理财,,小米应用市场
2018-09-20,功夫贷,com.treefinance.gongfudai,金融理财,,小米应用市场
2018-09-20,91公积金,com.xncredit.gjj,金融理财,,小米应用市场
2018-09-20,贷款王,com.dkw.credit,金融理财,,小米应用市场
2018-09-20,空手到,com.ksdao.ksdapp,金融理财,,小米应用市场
2018-09-20,快易付,com.panscarlic.pay,金融理财,,小米应用市场
2018-09-20,茂茂金服,com.mmjf.app,金融理财,,小米应用市场
2018-09-20,容易借钱,com.jufan.cashloan,金融理财,,小米应用市场
2018-09-20,芒果旺卡,com.mangojr.mangohua,金融理财,,小米应用市场
2018-09-20,房天下理财,com.soufun.txdai,金融理财,,小米应用市场
2018-09-20,现金贷,cn.apppark.ckj10707090,金融理财,,小米应用市场
2018-09-20,金牛贷,com.apple.jinniudai,金融理财,,小米应用市场
2018-09-20,满口袋贷款-借钱快,com.mankoudai88.p2p,金融理财,,小米应用市场
2018-09-20,即有钱包,com.giveu.shoppingmall,金融理财,,小米应用市场
2018-09-20,一秒现金,com.rex.nmxyk,金融理财,,小米应用市场
2018-09-20,钱莫愁-借贷款宝,com.iparky.qianyida,金融理财,,小米应用市场
2018-09-20,爱交易,com.ylaijiaoyi.app.ui,金融理财,,小米应用市场
2018-09-20,股票选股器,com.nanianshiba.gpxgq,金融理财,,小米应用市场
2018-09-20,蓝海银行,com.LanHaiBank.mobile,金融理财,,小米应用市场
2018-09-20,拍拍贷借款-借钱,com.ppdai.loan,金融理财,,小米应用市场
2018-09-20,海螺财经,com.jindashi.hailuofutures,金融理财,,小米应用市场
2018-09-20,股票操盘头条,com.stock.gpcptt,金融理财,,小米应用市场
2018-09-20,个人信用查询,com.huishuaka.grxycx,金融理财,,小米应用市场
2018-09-20,卡无忧信用卡取现,com.zqxq.kawuyou,金融理财,,小米应用市场
2018-09-20,大策略,cn.hctt.strategy,金融理财,,小米应用市场
2018-09-20,河马金信-套现秒到,com.i21game.ijinxin,金融理财,,小米应用市场
2018-09-20,51社保管家,com.balance.ai.shebao,金融理财,,小米应用市场
2018-09-20,极速贷,com.example.pro_phone,金融理财,,小米应用市场
2018-09-20,牛壹佰股票配资,com.smartniu.niu100,金融理财,,小米应用市场
2018-09-20,牛股配资-股票配资,io.dcloud.H56F4DB1A,金融理财,,小米应用市场
2018-09-20,财富牛股票配资,com.cfniu,金融理财,,小米应用市场
2018-09-20,好借钱花呗,com.hjq.credit,金融理财,,小米应用市场
2018-09-20,鄞州银行,com.csii.yzbank,金融理财,,小米应用市场
2018-09-20,惠发,com.dddz.huifa,金融理财,,小米应用市场
2018-09-20,车主白条,com.juzi.baitiao,金融理财,,小米应用市场
2018-09-20,众亿有贷,com.zmmxx.zhongyimiaod,金融理财,,小米应用市场
2018-09-20,百元钱包,com.yame.caidai60,金融理财,,小米应用市场
2018-09-20,你先花,com.sdjr.nixianhua,金融理财,,小米应用市场
2018-09-20,征信贷款借钱,com.yyzxdk.credit,金融理财,,小米应用市场
2018-09-20,闪电借贷,com.sdjd.credit,金融理财,,小米应用市场
2018-09-20,滴滴花,com.example.didihua,金融理财,,小米应用市场
2018-09-20,身份证贷款软件,com.sfzdk.credit,金融理财,,小米应用市场
2018-09-20,小牛借呗,com.x2427724635.nmg,金融理财,,小米应用市场
2018-09-20,分期贷款平台,com.fqdk.credit,金融理财,,小米应用市场
2018-09-20,快来贷,com.wta.NewCloudApp.jiuwei80432,金融理财,,小米应用市场
2018-09-20,花儿朵朵分期购,com.caesar.livingloan_huaerduoduo,金融理财,,小米应用市场
2018-09-20,美易分,com.gomejr.myf2,金融理财,,小米应用市场
2018-09-20,宁波通商,com.ncbank,金融理财,,小米应用市场
2018-09-20,股市导师,com.sstar.live,金融理财,,小米应用市场
2018-09-20,富万贷,com.zmzy.fwd,金融理财,,小米应用市场
2018-09-20,人民金融,com.peoplecitic.finance,金融理财,,小米应用市场
2018-09-20,一信贷,com.tongniu.tongniudai,金融理财,,小米应用市场
2018-09-20,东莞农商银行,com.hundsun.mobile.hsbrowsertest,金融理财,,小米应用市场
2018-09-20,94bank,com.hongzhe.bank94,金融理财,,小米应用市场
2018-09-20,一米好地,com.yimihaodi.android.invest,金融理财,,小米应用市场
2018-09-20,小伍钱包,com.enniu.xiaowuqianbao,金融理财,,小米应用市场
2018-09-20,欧拉量投,com.euler_app_v1,金融理财,,小米应用市场
2018-09-20,鲁金所,com.lujinsuo,金融理财,,小米应用市场
2018-09-20,提钱付极速版,com.wildcode.tiqianfu,金融理财,,小米应用市场
2018-09-20,王者管家,com.wangzherongyao.creditcard,金融理财,,小米应用市场
2018-09-20,小额快速借钱,com.uubee.xiaokuaijie,金融理财,,小米应用市场
2018-09-20,融360贷款,com.rong360.loans,金融理财,,小米应用市场
2018-09-20,借钱记账宝,com.treefinance.jieqianjizhangbao,金融理财,,小米应用市场
2018-09-20,牛交所,com.fundusd.business,金融理财,,小米应用市场
2018-09-20,乐东惠丰村镇银行,com.softbank.mbank.xy.ldhf,金融理财,,小米应用市场
2018-09-20,账王,cn.cash360,金融理财,,小米应用市场
2018-09-20,手机借钱贷-拍拍贷,com.zhangzhong.borrow.dkjkzj,金融理财,,小米应用市场
2018-09-20,挖财基米,com.wacai.android.aappcoin,金融理财,,小米应用市场
2018-09-20,金众金服,com.publicpaymentservice,金融理财,,小米应用市场
2018-09-20,前海人寿,com.foreseamall.qhhapp,金融理财,,小米应用市场
2018-09-20,诸葛信用管家,com.ruanmeng.credit_card,金融理财,,小米应用市场
2018-09-20,信美相互,com.xinmei.etrust,金融理财,,小米应用市场
2018-09-20,车险分期王,cn.chexianfenqi,金融理财,,小米应用市场
2018-09-20,Timi记账,com.talicai.timiclient,金融理财,,小米应用市场
2018-09-20,信用无忧,com.wantu.credit.xinyongwuyou,金融理财,,小米应用市场
2018-09-20,安逸借,com.xjwl.anyijie,金融理财,,小米应用市场
2018-09-20,爱利是,com.als.app,金融理财,,小米应用市场
2018-09-20,洋葱借条,com.beitu.onion,金融理财,,小米应用市场
2018-09-20,证券通,com.caiyi.stock,金融理财,,小米应用市场
2018-09-20,花花贷,www.fmtxc.com,金融理财,,小米应用市场
2018-09-20,佰付美,cn.duome.winnerc,金融理财,,小米应用市场
2018-09-20,外汇110,com.fx110,金融理财,,小米应用市场
2018-09-20,速亿贷,com.pingxun.loanrightnow,金融理财,,小米应用市场
2018-09-20,贷款掌柜,com.pingxun.loanmanager,金融理财,,小米应用市场
2018-09-20,贷款汇借钱,com.pingxun.loanconverge,金融理财,,小米应用市场
2018-09-20,兔子帮还,com.wscard.rabbitrepay,金融理财,,小米应用市场
2018-09-20,胖头鱼投资账本,com.pengda.pangtouyu,金融理财,,小米应用市场
2018-09-20,丰收互联,com.yitong.zjrc.mfs.android,金融理财,,小米应用市场
2018-09-20,东方财富证券,com.eastmoney.android.newyork,金融理财,,小米应用市场
2018-09-20,房融界存管版,com.frjie,金融理财,,小米应用市场
2018-09-20,济安鉴股,jajxapp.jajx.com,金融理财,,小米应用市场
2018-09-20,麦麦提普惠,com.mmtvip.stores,金融理财,,小米应用市场
2018-09-20,指e通,com.shsc.gen,金融理财,,小米应用市场
2018-09-20,安心贷借款,com.anxin.easeloan,金融理财,,小米应用市场
2018-09-20,掌中保,cninsure.net.zhangzhongbao,金融理财,,小米应用市场
2018-09-20,鲤鱼选股,com.core.carp,金融理财,,小米应用市场
2018-09-20,点刷,com.epay.impay.ui.jfpal.newjfb.nfc,金融理财,,小米应用市场
2018-09-20,上交所,com.sse.android.ssegwapp,金融理财,,小米应用市场
2018-09-20,白菜金融,com.baicaif.licai,金融理财,,小米应用市场
2018-09-20,网筹金融-投资理财,com.wcjr.jinrongweb,金融理财,,小米应用市场
2018-09-20,一贯,com.yucheng.android.yiguan,金融理财,,小米应用市场
2018-09-20,奇子向钱,com.qizi.yqxq,金融理财,,小米应用市场
2018-09-20,宜借款-借钱,com.yijiekuang,金融理财,,小米应用市场
2018-09-20,介贷网,com.csjd.android24jd,金融理财,,小米应用市场
2018-09-20,金道贵金属-黄金,com.gwtsz.gts,金融理财,,小米应用市场
2018-09-20,果数云,com.guoshujinfu.mobile.gscloud,金融理财,,小米应用市场
2018-09-20,爱建赢家,com.hundsun.stockwinner.ajzq,金融理财,,小米应用市场
2018-09-20,收钱呗,com.loanhome.money,金融理财,,小米应用市场
2018-09-20,华西证券大智慧,com.huaxizq.dzh,金融理财,,小米应用市场
2018-09-20,亲亲小贷-借钱贷款,com.android.qqxd.loan,金融理财,,小米应用市场
2018-09-20,卡多多,com.cdd.app.carddodo,金融理财,,小米应用市场
2018-09-20,行唐利丰村镇银行,com.nxy.mobilebank.hnlf,金融理财,,小米应用市场
2018-09-20,拍拍贷款,com.treasureapp.wuyaoxinyongkadai,金融理财,,小米应用市场
2018-09-20,薪信贷,com.jiacaizichan.newxindai,金融理财,,小米应用市场
2018-09-20,飞鸟贷款-闪电借款,com.bird.loan,金融理财,,小米应用市场
2018-09-20,猎豹贷款-闪电借款,com.birdfenqi.liebaodai,金融理财,,小米应用市场
2018-09-20,原油黄金,com.funforex.oilgoldForexforex,金融理财,,小米应用市场
2018-09-20,征信查询,com.huishuaka.zhengxin2,金融理财,,小米应用市场
2018-09-20,森宝,com.senmao.senbao,金融理财,,小米应用市场
2018-09-20,钱悦贷,com.cs.qyd,金融理财,,小米应用市场
2018-09-20,钱包超人,com.htouhui.pdl.qianbaochaoren,金融理财,,小米应用市场
2018-09-20,财宝理财-投资理财app,com.zhaocaibank.caibao,金融理财,,小米应用市场
2018-09-20,慧择保险,com.hzins.mobile,金融理财,,小米应用市场
2018-09-20,还借钱,com.htouhui.pdl,金融理财,,小米应用市场
2018-09-20,嗨贷款,com.htouhui.pdl.haidaikuan,金融理财,,小米应用市场
2018-09-20,紫金所,com.zijinsuo.android,金融理财,,小米应用市场
2018-09-20,天财数据,com.zgtxcj.gdsj,金融理财,,小米应用市场
2018-09-20,融时代金服,com.runStyle.houseKeeperAgent,金融理财,,小米应用市场
2018-09-20,沃百富,com.infopala.wealth,金融理财,,小米应用市场
2018-09-20,淘钱网,com.tqw.taoqianwang,金融理财,,小米应用市场
2018-09-20,烯财经,com.hongyan.xcj,金融理财,,小米应用市场
2018-09-20,SC,com.scb.poc.bmw,金融理财,,小米应用市场
2018-09-20,金磁直租,com.diyun.newspsystem,金融理财,,小米应用市场
2018-09-20,秒给钱,com.gzjhtz.mgq,金融理财,,小米应用市场
2018-09-20,包贷款,cn.caima.baoloan,金融理财,,小米应用市场
2018-09-20,天下金属,com.gjmetal.app,金融理财,,小米应用市场
2018-09-20,Q客按揭,com.example.wang.qke,金融理财,,小米应用市场
2018-09-20,约投顾,com.yueniuwang.yueniu,金融理财,,小米应用市场
2018-09-20,信贷多多,com.wanqiandaikuan.xddd,金融理财,,小米应用市场
2018-09-20,三峡付商户,com.uxun.sxmerchant,金融理财,,小米应用市场
2018-09-20,三峡付,com.hundsun.cqsxbank.mobilepay,金融理财,,小米应用市场
2018-09-20,阳光安心贷,cn.sundai.loan,金融理财,,小米应用市场
2018-09-20,8戒有财,com.wsloan.baoli,金融理财,,小米应用市场
2018-09-20,腾云商户,com.tengyunzhifu.www,金融理财,,小米应用市场
2018-09-20,贷款APP,com.dkapp.credit,金融理财,,小米应用市场
2018-09-20,借钱花,com.jqh.credit,金融理财,,小米应用市场
2018-09-20,集金学堂,com.jijinhao.xuetang,金融理财,,小米应用市场
2018-09-20,财易久,com.androidcaiyijiu,金融理财,,小米应用市场
2018-09-20,苏行直销银行,com.suzhou.direct.bank,金融理财,,小米应用市场
2018-09-20,熊猫账单,com.ymnet.wanka,金融理财,,小米应用市场
2018-09-20,现金小额贷款-借钱,com.huocheche,金融理财,,小米应用市场
2018-09-20,活力花,im.fenqi.jd,金融理财,,小米应用市场
2018-09-20,厚钱包,com.houbank.xloan,金融理财,,小米应用市场
2018-09-20,很牛股票,com.sogukj.strongstock,金融理财,,小米应用市场
2018-09-20,钱大掌柜,com.cib.qdzg,金融理财,,小米应用市场
2018-09-20,南方基金,com.nanfangjijin.app,金融理财,,小米应用市场
2018-09-20,极速手机贷款-贷款,com.zhangzhong.borrow.jssjdk,金融理财,,小米应用市场
2018-09-20,菠萝贷,com.loanhome.loan,金融理财,,小米应用市场
2018-09-20,搜搜出单,com.yogee.topseller,金融理财,,小米应用市场
2018-09-20,中民i投,com.creditcloud.zmt,金融理财,,小米应用市场
2018-09-20,私募排排网,com.simuwang.ppw,金融理财,,小米应用市场
2018-09-20,掌钱,com.transfar.mfsp,金融理财,,小米应用市场
2018-09-20,点点乾,com.dz.qhbws.ddq,金融理财,,小米应用市场
2018-09-20,掌上国寿,com.sinosoft.mobilebiz.chinalife,金融理财,,小米应用市场
2018-09-20,聚财司,jcsmeilirs188.com,金融理财,,小米应用市场
2018-09-20,惠刷卡,com.huishuaka.credit,金融理财,,小米应用市场
2018-09-20,股市通,com.baidu.fb,金融理财,,小米应用市场
2018-09-20,深圳农商行,com.csii.sns.ui,金融理财,,小米应用市场
2018-09-20,品质花贷款,com.zhph.zhhnet,金融理财,,小米应用市场
2018-09-20,广发易淘金,com.gf.client,金融理财,,小米应用市场
2018-09-20,汇收银,com.hynet.mergepay,金融理财,,小米应用市场
2018-09-20,有鱼普惠,com.youyuwo.app,金融理财,,小米应用市场
2018-09-20,56金服,com.chd.chd56lc,金融理财,,小米应用市场
2018-09-20,杭银金融,tomcat360.com.hyxfjr,金融理财,,小米应用市场
2018-09-20,理财安全助手,cn.cert.financial,金融理财,,小米应用市场
2018-09-20,动卡空间,com.citiccard.mobilebank,金融理财,,小米应用市场
2018-09-20,熊猫外汇,com.pandaforex.forex,金融理财,,小米应用市场
2018-09-20,狐狸慧赚,com.souyidai.investment.android,金融理财,,小米应用市场
2018-09-20,聚POS,com.jucaipay.qpose,金融理财,,小米应用市场
2018-09-20,苏州市民卡,sz.szsmk.citizencard,金融理财,,小米应用市场
2018-09-20,安稳钱包,cn.com.stableloan,金融理财,,小米应用市场
2018-09-20,海贷金服,com.renrun.aphone.hdjf,金融理财,,小米应用市场
2018-09-20,小象钱包-快速借款,com.daishu.dsloan,金融理财,,小米应用市场
2018-09-20,拉卡拉收款宝,com.lakala.shoudan,金融理财,,小米应用市场
2018-09-20,有鱼信用卡管家,com.yyxyk.credit,金融理财,,小米应用市场
2018-09-20,卡乐付,com.handpay.smartpay,金融理财,,小米应用市场
2018-09-20,交易联盟,com.touxing.tradealliance.main,金融理财,,小米应用市场
2018-09-20,湖宝,com.thinkive.xinhu,金融理财,,小米应用市场
2018-09-20,钱海,com.lxz.qh,金融理财,,小米应用市场
2018-09-20,GTB Wallet,com.gtgroup.gtb,金融理财,,小米应用市场
2018-09-20,鑫E家,com.njty.xinehome,金融理财,,小米应用市场
2018-09-20,51借呗,com.bwr.wuyaojiebei,金融理财,,小米应用市场
2018-09-20,乐一贷,cn.maimob.lydai,金融理财,,小米应用市场
2018-09-20,期货模拟练习,com.ytkj.qhmnlx,金融理财,,小米应用市场
2018-09-20,卡王钱包,com.klm.kwqb,金融理财,,小米应用市场
2018-09-20,小雨点,com.xyd.raincredit,金融理财,,小米应用市场
2018-09-20,贝贝管家,com.example.yihuankuan.yihuankuan,金融理财,,小米应用市场
2018-09-20,八元淘金-操盘交易,com.ylbytj.app.ui,金融理财,,小米应用市场
2018-09-20,宏财网,com.hoolai.hongcai,金融理财,,小米应用市场
2018-09-20,峰汇卡管家,com.fhkgj.fenghuika,金融理财,,小米应用市场
2018-09-20,借呗有还呗,com.example.xjyzyb,金融理财,,小米应用市场
2018-09-20,有借友还,com.qianbao.youjieyouhuan,金融理财,,小米应用市场
2018-09-20,广发直销银行,com.FinanceBank,金融理财,,小米应用市场
2018-09-20,秒白条,com.xiaocheng.miaobt,金融理财,,小米应用市场
2018-09-20,赢贝,com.winbei.licai,金融理财,,小米应用市场
2018-09-20,51代还,com.bigao.daihuankabao,金融理财,,小米应用市场
2018-09-20,渤海银行,cn.com.bhbc.mobilebank.per,金融理财,,小米应用市场
2018-09-20,人情账单,com.mvtrail.gratitudelist,金融理财,,小米应用市场
2018-09-20,零零网,com.zhongmin.lingling,金融理财,,小米应用市场
2018-09-20,卡呗生活,com.douhao.datacubeper,金融理财,,小米应用市场
2018-09-20,纳泓普惠,com.nahong.android,金融理财,,小米应用市场
2018-09-20,钱速贷,com.qsd.app,金融理财,,小米应用市场
2018-09-20,投资脉搏,net.imaibo.android.phone,金融理财,,小米应用市场
2018-09-20,花虾金融,com.huaxia.finance,金融理财,,小米应用市场
2018-09-20,查私募,com.betawm.bpe,金融理财,,小米应用市场
2018-09-20,51银码头,com.github.airsaid.wuyiyinmatou0801,金融理财,,小米应用市场
2018-09-20,成长银行,com.csii.dy.upbank,金融理财,,小米应用市场
2018-09-20,超级现金侠,com.treefinance.supermarket7,金融理财,,小米应用市场
2018-09-20,信贷助手,jiujiudai.manager.H1d55678,金融理财,,小米应用市场
2018-09-20,公积金借钱,com.gjjjq.credit,金融理财,,小米应用市场
2018-09-20,道口贷,com.pitaya.daokoudai,金融理财,,小米应用市场
2018-09-20,收款乐,com.collectionle,金融理财,,小米应用市场
2018-09-20,钱途金服,cn.com.qtzb.qtjf,金融理财,,小米应用市场
2018-09-20,豆币,com.jinwen.doubi,金融理财,,小米应用市场
2018-09-20,放心借,com.dongxiangtech.fangxinjie,金融理财,,小米应用市场
2018-09-20,身份证借款,com.sfzjk.credit,金融理财,,小米应用市场
2018-09-20,财源股票,com.yuanda.cystock,金融理财,,小米应用市场
2018-09-20,丰马钱包,com.wacai.android.appsupplychainfinance,金融理财,,小米应用市场
2018-09-20,贷投乐,com.gzdtl.daitoule,金融理财,,小米应用市场
2018-09-20,立马理财,com.lmlc.android,金融理财,,小米应用市场
2018-09-20,无忧借条,com.yxbao.faith,金融理财,,小米应用市场
2018-09-20,安信花,com.x915500991.tzg,金融理财,,小米应用市场
2018-09-20,钜宝盆,com.bm.jubaopen,金融理财,,小米应用市场
2018-09-20,信贷牛牛获客,com.dongxiangtech.xindainiuniuhuoke,金融理财,,小米应用市场
2018-09-20,汇通启富,com.hundsun.stockwinner.sxzq,金融理财,,小米应用市场
2018-09-20,速易贷-借钱贷款,com.zgkj.suyidai,金融理财,,小米应用市场
2018-09-20,申万宏源,com.hexin.plat.android.ShenWanSecurity,金融理财,,小米应用市场
2018-09-20,天天赚钱,day.shop.app,金融理财,,小米应用市场
2018-09-20,微借款-贷款软件,com.ttjkweijiekuan.app,金融理财,,小米应用市场
2018-09-20,立即贷,com.hyron.biweeklyloan,金融理财,,小米应用市场
2018-09-20,乐刷商务版,com.yeahka.mach.android.openpos,金融理财,,小米应用市场
2018-09-20,借钱借贷款-借钱,com.jiedai.zhiqiang,金融理财,,小米应用市场
2018-09-20,速借钱袋,com.jwxx.sjqb,金融理财,,小米应用市场
2018-09-20,好乐付,com.haolefu.paypos,金融理财,,小米应用市场
2018-09-20,口袋钱包,cn.pocketwallet.pocketwallet,金融理财,,小米应用市场
2018-09-20,招联好期贷,com.mucfc.hqdapp,金融理财,,小米应用市场
2018-09-20,新经板,com.fiveeightcm.cmzc,金融理财,,小米应用市场
2018-09-20,微利信用小额贷款,com.caimao.cashloan.wlixy,金融理财,,小米应用市场
2018-09-20,鲸鱼选股,com.goldfish.stocks,金融理财,,小米应用市场
2018-09-20,有信凭证,com.youxinpingzheng.yxpz,金融理财,,小米应用市场
2018-09-20,招招理财,com.cmbfae.zhaozhaolicai,金融理财,,小米应用市场
2018-09-20,邦成贷款,com.banchen.easyloan,金融理财,,小米应用市场
2018-09-20,随手攒,com.mobile.ssz,金融理财,,小米应用市场
2018-09-20,散户短线宝,com.sgq.gupiao.bhy,金融理财,,小米应用市场
2018-09-20,汇通财经,com.fx678.finace,金融理财,,小米应用市场
2018-09-20,佣金宝,cn.com.gjzq.yjb2,金融理财,,小米应用市场
2018-09-20,快客金服,com.zybk.mpp,金融理财,,小米应用市场
2018-09-20,财鱼记账,cn.suncloud.kopak,金融理财,,小米应用市场
2018-09-20,企业手机银行,com.nbbankent,金融理财,,小米应用市场
2018-09-20,手机贷现金钱包,com.zzcm.fastborrow,金融理财,,小米应用市场
2018-09-20,畅快,com.rongxin.wellloan,金融理财,,小米应用市场
2018-09-20,质子贷,com.bingru.borrowmoney,金融理财,,小米应用市场
2018-09-20,爱股票,com.aigupiao.ui,金融理财,,小米应用市场
2018-09-20,火贷款手机借钱,io.dcloud.H52451495,金融理财,,小米应用市场
2018-09-20,人众金服投资理财,com.rd.rozo360,金融理财,,小米应用市场
2018-09-20,外快理财,com.ryw.waikuai,金融理财,,小米应用市场
2018-09-20,小智保险,com.creditease.xzbx,金融理财,,小米应用市场
2018-09-20,贷款周转,com.yihan.zhouzhuan,金融理财,,小米应用市场
2018-09-20,老虎操盘,com.bfy.gupiao,金融理财,,小米应用市场
2018-09-20,微米贷小额贷款,com.yaqi.mj.xiaomi,金融理财,,小米应用市场
2018-09-20,1号车网,com.autochina.kypay,金融理财,,小米应用市场
2018-09-20,钱不闲,com.yxcfu.qianbuxian,金融理财,,小米应用市场
2018-09-20,钱趣多,com.example.qianquduo,金融理财,,小米应用市场
2018-09-20,西银惠付,com.xacbank.xyhf,金融理财,,小米应用市场
2018-09-20,华尔客,com.xqjr.xqjrab,金融理财,,小米应用市场
2018-09-20,贷一点,com.yihan.loan,金融理财,,小米应用市场
2018-09-20,快合作,com.xry.stock.app,金融理财,,小米应用市场
2018-09-20,电子欠条,com.rrh.iou,金融理财,,小米应用市场
2018-09-20,晶算师,com.datebao.jssapp,金融理财,,小米应用市场
2018-09-20,财金通,com.lqcjtkjxxyxgs.caijintong,金融理财,,小米应用市场
2018-09-20,华侨生活,com.hxdpay.hqsf,金融理财,,小米应用市场
2018-09-20,华融道理财,com.huarongdao.hrdapp,金融理财,,小米应用市场
2018-09-20,佰仟贷款,com.example.bqdk,金融理财,,小米应用市场
2018-09-20,中邮钱包,com.youcash.ZYWallet,金融理财,,小米应用市场
2018-09-20,点滴信用,com.fcity,金融理财,,小米应用市场
2018-09-20,摇财树,com.ycs,金融理财,,小米应用市场
2018-09-20,快刷MPOS,cn.com.kuaishua,金融理财,,小米应用市场
2018-09-20,信用卡贷款借钱,com.zhangzhong.xinyongka,金融理财,,小米应用市场
2018-09-20,海金汇,com.xianghai.hjh,金融理财,,小米应用市场
2018-09-20,民生银行,cn.com.cmbc.newmbank,金融理财,,小米应用市场
2018-09-20,汇诚金服投资理财,com.hcrnapp,金融理财,,小米应用市场
2018-09-20,华赢宝,com.hyd.huayingbao,金融理财,,小米应用市场
2018-09-20,民生信用卡,com.cmbc.cc.mbank,金融理财,,小米应用市场
2018-09-20,悦花越有,com.example.yzdjt,金融理财,,小米应用市场
2018-09-20,谱蓝,com.planplus.plan,金融理财,,小米应用市场
2018-09-20,集美金服,com.jimeijf.financing,金融理财,,小米应用市场
2018-09-20,钱有道,com.zlqb.qyd,金融理财,,小米应用市场
2018-09-20,熊花花-借钱贷款,com.loanhome.bearcost,金融理财,,小米应用市场
2018-09-20,贷款信用-小额借钱,com.shenrong.creditmanager,金融理财,,小米应用市场
2018-09-20,极简汇率,com.tratao.xcurrency,金融理财,,小米应用市场
2018-09-20,随心借,com.hj.moloan,金融理财,,小米应用市场
2018-09-20,HAI生活,com.uxun.jfsc,金融理财,,小米应用市场
2018-09-20,现金贷款-借钱,com.zqxqqts.qiantaishou,金融理财,,小米应用市场
2018-09-20,乐为金融,com.letv.jr,金融理财,,小米应用市场
2018-09-20,快易花,com.wanda.kuaiyihua,金融理财,,小米应用市场
2018-09-20,BOC,com.boc.bocsoft.bocmbovsa.buss,金融理财,,小米应用市场
2018-09-20,易家贷,com.el.loan,金融理财,,小米应用市场
2018-09-20,币优,com.biyou.portfolio,金融理财,,小米应用市场
2018-09-20,快钱钱包,com.bill99.kuaiqian,金融理财,,小米应用市场
2018-09-20,互助商道,com.ruisheng.sd,金融理财,,小米应用市场
2018-09-20,宜贷网,com.edai.p2p.app,金融理财,,小米应用市场
2018-09-20,贷款有道-贷款借钱,com.newbyte.dkyd,金融理财,,小米应用市场
2018-09-20,鼠贷金融,com.jinding.shuqian,金融理财,,小米应用市场
2018-09-20,借小二,jieqianbai.dcloud.io.jiexiaoer,金融理财,,小米应用市场
2018-09-20,一粒收,com.ylipayapp,金融理财,,小米应用市场
2018-09-20,招钱进宝,com.example.mposstandard,金融理财,,小米应用市场
2018-09-20,芝麻信用卡与贷款,io.dcloud.H5F244B9A,金融理财,,小米应用市场
2018-09-20,花点借款,cn.huadian.huadian,金融理财,,小米应用市场
2018-09-20,网信智投,com.huiniu.android,金融理财,,小米应用市场
2018-09-20,大账户,com.juyuan.omniaccount,金融理财,,小米应用市场
2018-09-20,汇崔,com.zfq.huicui,金融理财,,小米应用市场
2018-09-20,现金宝,com.htffund.mobile.ec.ui,金融理财,,小米应用市场
2018-09-20,滨e贷,com.tjbhb.mloan,金融理财,,小米应用市场
2018-09-20,借钱来-现金贷,com.borrow.app,金融理财,,小米应用市场
2018-09-20,快易贷,com.mymoney.sms.loan4,金融理财,,小米应用市场
2018-09-20,东金秀财,com.neafex.xiucai,金融理财,,小米应用市场
2018-09-20,阜新银行,com.fuxinbank.mobilebank.personal,金融理财,,小米应用市场
2018-09-20,爱荐宝,com.cairenhui.ajzq.ajb.app.release,金融理财,,小米应用市场
2018-09-20,信用金卡,com.kdlc.xyjk,金融理财,,小米应用市场
2018-09-20,东华乐投,com.donghuaqihuo.mhdxh,金融理财,,小米应用市场
2018-09-20,东方贷,com.eastmoney.loan,金融理财,,小米应用市场
2018-09-20,火币OTC,com.huobi.otc,金融理财,,小米应用市场
2018-09-20,金燕e商,com.hnnx.sh.mbank,金融理财,,小米应用市场
2018-09-20,珠宝贷,com.jewelcredit,金融理财,,小米应用市场
2018-09-20,众可贷借款,com.zkp2p.borrow,金融理财,,小米应用市场
2018-09-20,短借钱包,com.zkp2p.shortLoan,金融理财,,小米应用市场
2018-09-20,兴业银行,com.cib.cibmb,金融理财,,小米应用市场
2018-09-20,网商银行,com.mybank.android.phone,金融理财,,小米应用市场
2018-09-20,财金圈,com.zchz.app,金融理财,,小米应用市场
2018-09-20,贷分期-小额借贷,com.yaqi.mj.dfq,金融理财,,小米应用市场
2018-09-20,信用卡办卡,com.huishuakapa59.credit,金融理财,,小米应用市场
2018-09-20,股先生,com.mrstock.mobile,金融理财,,小米应用市场
2018-09-20,信用记账,com.innext.xinyongjz,金融理财,,小米应用市场
2018-09-20,财富乐赚,com.cfzq.lezhuan,金融理财,,小米应用市场
2018-09-20,有鱼借钱,com.yyjq.credit,金融理财,,小米应用市场
2018-09-20,浙商汇金谷,com.hexin.plat.android.ZheshangSecurity,金融理财,,小米应用市场
2018-09-20,甲壳虫,com.rd.jkc,金融理财,,小米应用市场
2018-09-20,银河闪贷,com.himi.galaxy.finance,金融理财,,小米应用市场
2018-09-20,期货导师,com.ytkj.qhds,金融理财,,小米应用市场
2018-09-20,海印金服,com.haiyin.hyjf,金融理财,,小米应用市场
2018-09-20,聚米众筹,com.jumifinance.crowdfunding,金融理财,,小米应用市场
2018-09-20,小萌钱包,com.lemon.flowplatform,金融理财,,小米应用市场
2018-09-20,博闻金融,com.bowen.finance,金融理财,,小米应用市场
2018-09-20,有额度,com.iparky.youedu,金融理财,,小米应用市场
2018-09-20,钱来到,com.tykj.qld,金融理财,,小米应用市场
2018-09-20,秒你贷,com.yjzc.mnd,金融理财,,小米应用市场
2018-09-20,好易花,com.yjzc.haoyihua,金融理财,,小米应用市场
2018-09-20,君心证券-股票配资,com.juxin.wa.celjy,金融理财,,小米应用市场
2018-09-20,诺千金,com.wealthfund,金融理财,,小米应用市场
2018-09-20,小小金服,com.xxlc.loan,金融理财,,小米应用市场
2018-09-20,新浪会选股-炒股票,com.baidao.silver,金融理财,,小米应用市场
2018-09-20,至简期权,com.zhijian.qiquan,金融理财,,小米应用市场
2018-09-20,掌证宝-股票开户,dongzheng.szkingdom.android.phone,金融理财,,小米应用市场
2018-09-20,咖啡易融至尊版,com.coffee_ease.android,金融理财,,小米应用市场
2018-09-20,天天借道,com.xiangshang360.tiantian,金融理财,,小米应用市场
2018-09-20,金黔理财,com.grsisfee.zqfaeandroid,金融理财,,小米应用市场
2018-09-20,洪泰财富,com.hongtaiwealth.wealth,金融理财,,小米应用市场
2018-09-20,悦借钱,com.hongsheng.microfinance,金融理财,,小米应用市场
2018-09-20,爱钱记小额贷款,com.like.loanmarket,金融理财,,小米应用市场
2018-09-20,极速钱包,com.jsqb.app,金融理财,,小米应用市场
2018-09-20,晶算师企业版,com.datebao.jsspro,金融理财,,小米应用市场
2018-09-20,众盈策略,com.tkxx.zyclue,金融理财,,小米应用市场
2018-09-20,罗小白,com.jidanh.luoxbxm,金融理财,,小米应用市场
2018-09-20,集金期货通,com.qh18.futures,金融理财,,小米应用市场
2018-09-20,众牧宝,com.nirvana.ylmc,金融理财,,小米应用市场
2018-09-20,青石证券,com.bs.trade,金融理财,,小米应用市场
2018-09-20,益盟操盘手经典版,cn.emoney.level2,金融理财,,小米应用市场
2018-09-20,理财情报局,com.imsupercard.blackcat,金融理财,,小米应用市场
2018-09-20,365现金卡,com.xianjinka365.xjloan,金融理财,,小米应用市场
2018-09-20,融管家,com.rongzi.creditmanager,金融理财,,小米应用市场
2018-09-20,记账宝,com.jl.accountbook,金融理财,,小米应用市场
2018-09-20,够花贝,com.ghb.borrowloan,金融理财,,小米应用市场
2018-09-20,天天慧选股-炒股票,com.baidao.nugget,金融理财,,小米应用市场
2018-09-20,蚂蚁财富,com.antfortune.wealth,金融理财,,小米应用市场
2018-09-20,同花顺iFinD,com.hexin.ifind.android,金融理财,,小米应用市场
2018-09-20,鸿福闪借,com.jryt.hongfusj,金融理财,,小米应用市场
2018-09-20,快闪卡贷,com.weishangtech.kskd,金融理财,,小米应用市场
2018-09-20,还呗信用卡,cn.toput.creditcard,金融理财,,小米应用市场
2018-09-20,操盘侠专业版,com.goldmf.GMFundPro,金融理财,,小米应用市场
2018-09-20,操盘侠-基金炒股票,com.goldmf.GMFund,金融理财,,小米应用市场
2018-09-20,小鱼员工贷,com.tairongph.p2papp,金融理财,,小米应用市场
2018-09-20,光速宝,com.vnionpay.speed.light,金融理财,,小米应用市场
2018-09-20,收钱吧,com.wosai.cashbar,金融理财,,小米应用市场
2018-09-20,淘牛邦炒股票,cn.uniwa.uniwa,金融理财,,小米应用市场
2018-09-20,基金豆,com.jijindou.android.fund,金融理财,,小米应用市场
2018-09-20,名校贷公益,com.nonobank,金融理财,,小米应用市场
2018-09-20,贝多多-理财记账,com.daiyoubang,金融理财,,小米应用市场
2018-09-20,百行直销,cn.net.sinodata.ddj,金融理财,,小米应用市场
2018-09-20,保险管家-普惠平安,com.bz365.bxgj,金融理财,,小米应用市场
2018-09-20,买单吧,com.bankcomm.maidanba,金融理财,,小米应用市场
2018-09-20,期货交易,com.sjzzltzzx.yuandanb,金融理财,,小米应用市场
2018-09-20,万丰-信用卡收款,com.wangfeng.wallet,金融理财,,小米应用市场
2018-09-20,财通证券,com.hexin.plat.android.CaitongSecurity,金融理财,,小米应用市场
2018-09-20,秒到收款,com.example.admin.fastpay,金融理财,,小米应用市场
2018-09-20,够花,com.haiercash.gouhua,金融理财,,小米应用市场
2018-09-20,中金物联,com.rd.zjwl,金融理财,,小米应用市场
2018-09-20,顺丰金融,com.sfpay.mobile,金融理财,,小米应用市场
2018-09-20,记呗,com.p2peye.remember,金融理财,,小米应用市场
2018-09-20,天府手机银行,com.ionicframework.cgbank122507,金融理财,,小米应用市场
2018-09-20,刷呗信用卡优惠,com.liexiong.shuabei,金融理财,,小米应用市场
2018-09-20,浩融益,com.jingrui.hry,金融理财,,小米应用市场
2018-09-20,飞钛借呀,com.fintech.lending,金融理财,,小米应用市场
2018-09-20,捷信金融,com.hcc.app,金融理财,,小米应用市场
2018-09-20,短线王,com.quchaogu.dxw,金融理财,,小米应用市场
2018-09-20,理亿理,com.liyiliapp.android,金融理财,,小米应用市场
2018-09-20,鑫圣金业,com.xsjinye.xsjinye,金融理财,,小米应用市场
2018-09-20,易借贷款,com.example.qmdkjbyb,金融理财,,小米应用市场
2018-09-20,鼎刷,com.qh.qhpay,金融理财,,小米应用市场
2018-09-20,两个狒狒,com.finupgroup.baboons,金融理财,,小米应用市场
2018-09-20,MT4外汇,com.mt4.qh,金融理财,,小米应用市场
2018-09-20,民金贷,com.msf.credit,金融理财,,小米应用市场
2018-09-20,CoinEgg,com.coinegg.trade,金融理财,,小米应用市场
2018-09-20,股票一日游,com.cvlzqt.activity,金融理财,,小米应用市场
2018-09-20,口袋记账本,com.koudai,金融理财,,小米应用市场
2018-09-20,南和直销银行,com.pafinancialtech.nanhebank,金融理财,,小米应用市场
2018-09-20,期货原油,com.lt.happ,金融理财,,小米应用市场
2018-09-20,钱生花,com.hehenian_app,金融理财,,小米应用市场
2018-09-20,爱财在线,com.aicai,金融理财,,小米应用市场
2018-09-20,金融矿工,com.guosen.kuanggong,金融理财,,小米应用市场
2018-09-20,评估神,com.dashuf.disp.v2,金融理财,,小米应用市场
2018-09-20,芒果借钱,com.dongjian.mgjq,金融理财,,小米应用市场
2018-09-20,用钱宝,com.yongqianbao.credit,金融理财,,小米应用市场
2018-09-20,我享借,com.jaygee.bm.borrowmoney,金融理财,,小米应用市场
2018-09-20,璇玑智投,com.pintec.merak,金融理财,,小米应用市场
2018-09-20,泰康在线,cn.tk.online,金融理财,,小米应用市场
2018-09-20,融e通,com.dbscgeneral,金融理财,,小米应用市场
2018-09-20,东方价值线,com.chinavalueline.activity,金融理财,,小米应用市场
2018-09-20,钱龙,qianlong.qlmobile,金融理财,,小米应用市场
2018-09-20,恒瑞金服,com.jinyang.wealth,金融理财,,小米应用市场
2018-09-20,旺马财富,com.example.wangma01,金融理财,,小米应用市场
2018-09-20,华安徽赢,com.thinkive.android.invest_ha,金融理财,,小米应用市场
2018-09-20,随身行,com.wenhua.bamboo,金融理财,,小米应用市场
2018-09-20,借个芝麻,com.fulin.borrowloan,金融理财,,小米应用市场
2018-09-20,易策略股票配资,com.ycl.www,金融理财,,小米应用市场
2018-09-20,12贷款-借钱贷款,com.yqh.yaoqianhua.mock,金融理财,,小米应用市场
2018-09-20,买单侠分期,im.fenqi.mall,金融理财,,小米应用市场
2018-09-20,微融贷款-小额贷款,com.weirong,金融理财,,小米应用市场
2018-09-20,爱策略-股票配资,com.icelve.www,金融理财,,小米应用市场
2018-09-20,汇利榜,com.erayt.android.palmpulse,金融理财,,小米应用市场
2018-09-20,中投摩根,com.ztmg.cicmorgan,金融理财,,小米应用市场
2018-09-20,光大银行,com.cebbank.mobile.cemb,金融理财,,小米应用市场
2018-09-20,股多多,dz.gdd.adviser,金融理财,,小米应用市场
2018-09-20,掌中投,cn.cisc,金融理财,,小米应用市场
2018-09-20,佳航金服,com.renrun.aphone.dsd,金融理财,,小米应用市场
2018-09-20,股吧,com.eastmoney.android.gubaproj,金融理财,,小米应用市场
2018-09-20,犀牛之星,com.ipo3.xiniu,金融理财,,小米应用市场
2018-09-20,投友圈,com.iyinxun.letoubao,金融理财,,小米应用市场
2018-09-20,财猫,com.fiveeightcm,金融理财,,小米应用市场
2018-09-20,慧博投资分析,cn.com.hibor,金融理财,,小米应用市场
2018-09-20,凯石财富,com.vstone.wealth.android,金融理财,,小米应用市场
2018-09-20,小额贷款周转王,com.yihan.fast,金融理财,,小米应用市场
2018-09-20,We go商户,com.peng.xiaowei,金融理财,,小米应用市场
2018-09-20,好收益,com.hsy.main,金融理财,,小米应用市场
2018-09-20,喵财记账-理财,com.mcgj.miaocai,金融理财,,小米应用市场
2018-09-20,友邦外汇,com.ubankfx.forex,金融理财,,小米应用市场
2018-09-20,工地随手记,com.jizhi.jlongg.gdssj,金融理财,,小米应用市场
2018-09-20,钱鼓鼓,com.qiangugu.qiangugu,金融理财,,小米应用市场
2018-09-20,君临天下,com.jltx.finance,金融理财,,小米应用市场
2018-09-20,易随配,io.dcloud.H50EFA6B9,金融理财,,小米应用市场
2018-09-20,贷款侠-借款贷款,com.znsb.daikuanxia,金融理财,,小米应用市场
2018-09-20,国元点金,guoyuan.szkingdom.android.phone,金融理财,,小米应用市场
2018-09-20,金香黄金,com.jinxianghuangjin.jinxiang,金融理财,,小米应用市场
2018-09-20,高维模拟炒外汇,com.gwfx2.gts2,金融理财,,小米应用市场
2018-09-20,凡普信贷,com.puhui.lc,金融理财,,小米应用市场
2018-09-20,万达贷,com.wandaloans.timesloan,金融理财,,小米应用市场
2018-09-20,金道外汇投资,com.gwtsz.gts2,金融理财,,小米应用市场
2018-09-20,三益宝,com.syb,金融理财,,小米应用市场
2018-09-20,搜易借,com.innext.souyijie,金融理财,,小米应用市场
2018-09-20,炒股财经通-配资,com.celjy.cgcjt,金融理财,,小米应用市场
2018-09-20,信投宝,xintou.com.xintou.xintou.com,金融理财,,小米应用市场
2018-09-20,极速钱包君,com.haibaosi.jisuqianbaojun,金融理财,,小米应用市场
2018-09-20,至善基金投顾版,com.zensure.fundadviser,金融理财,,小米应用市场
2018-09-20,小美金融,com.mfc.xmjr,金融理财,,小米应用市场
2018-09-20,借款王-贷款借钱,com.zqxq.jiekuanwang,金融理财,,小米应用市场
2018-09-20,小花钱包,com.xhqb.app,金融理财,,小米应用市场
2018-09-20,普益基金,com.pywm.fund,金融理财,,小米应用市场
2018-09-20,开户呗,com.thinkive.mobile.cgwsaccount.qianhai,金融理财,,小米应用市场
2018-09-20,长城宝开户,com.thinkive.mobile.cgws.account,金融理财,,小米应用市场
2018-09-20,现金贷款周转王,com.yihan.king,金融理财,,小米应用市场
2018-09-20,松鼠记账,com.hejia.squirrelaccountbook,金融理财,,小米应用市场
2018-09-20,微盟贷款王,com.weimob.loanking,金融理财,,小米应用市场
2018-09-20,好易借,com.haoyidai,金融理财,,小米应用市场
2018-09-20,多盈财富理财,com.yinglicai.android,金融理财,,小米应用市场
2018-09-20,财经头条,com.eastmoney.android.tokyo,金融理财,,小米应用市场
2018-09-20,去哪理财,com.a8jielicai.whereto,金融理财,,小米应用市场
2018-09-20,CoinSmart,com.beidd.digiccy,金融理财,,小米应用市场
2018-09-20,E融财行,lc.com.sdinvest,金融理财,,小米应用市场
2018-09-20,顺心理财,com.ShunJun.shunxin,金融理财,,小米应用市场
2018-09-20,贝兜金融,com.bjenfo.bdjf,金融理财,,小米应用市场
2018-09-20,众可财富,com.xinchuangyi.zhongkedai,金融理财,,小米应用市场
2018-09-20,百思贷,com.zxhy.financing,金融理财,,小米应用市场
2018-09-20,借条大师,com.jm.jie,金融理财,,小米应用市场
2018-09-20,观鑫网理财,com.guanxinw.guanxin,金融理财,,小米应用市场
2018-09-20,安信手机证券,cn.com.essence.stock,金融理财,,小米应用市场
2018-09-20,亿丰金融,com.yifengjinrong.yfjr,金融理财,,小米应用市场
2018-09-20,拍拍贷财富,com.ppdai.lender,金融理财,,小米应用市场
2018-09-20,短期贷款,com.xndk.dqdky,金融理财,,小米应用市场
2018-09-20,企业家银行,com.hnnx.qy.mbank,金融理财,,小米应用市场
2018-09-20,每市,com.meix,金融理财,,小米应用市场
2018-09-20,蚂蚁现货,com.jryy.myxhy,金融理财,,小米应用市场
2018-09-20,有鱼贷客,com.youyu.loan,金融理财,,小米应用市场
2018-09-20,Choice数据,com.eastmoney.android.choice,金融理财,,小米应用市场
2018-09-20,通付宝,com.inter.trade,金融理财,,小米应用市场
2018-09-20,空中金融,com.kongzhong.jr.financial,金融理财,,小米应用市场
2018-09-20,金世通,com.kingstone51,金融理财,,小米应用市场
2018-09-20,钱多多,com.xvsheng.qdd,金融理财,,小米应用市场
2018-09-20,白条借贷,com.qmdk.btjd,金融理财,,小米应用市场
2018-09-20,点点小借,com.jdsd.diandianxj,金融理财,,小米应用市场
2018-09-20,贷款支付钱包-贷款,com.zhangzhong.borrow.jqk,金融理财,,小米应用市场
2018-09-20,海纳智投,com.sz.nniu,金融理财,,小米应用市场
2018-09-20,广银信用卡,cn.com.gzbank.mbank,金融理财,,小米应用市场
2018-09-20,糖果金融,com.tangguo,金融理财,,小米应用市场
2018-09-20,好分期,com.renrendai.haohuan,金融理财,,小米应用市场
2018-09-20,佰宝袋,com.baibaod,金融理财,,小米应用市场
2018-09-20,贝甲基金,com.tuandai.fund,金融理财,,小米应用市场
2018-09-20,财鸟贷款,com.weizhong.cainiaodaikuan,金融理财,,小米应用市场
2018-09-20,信富优贷,com.crfchina.lifeloans,金融理财,,小米应用市场
2018-09-20,快涨,cn.sogukj.stockalert,金融理财,,小米应用市场
2018-09-20,旺贝-信用卡收款,com.yuelong.wangbeikabao,金融理财,,小米应用市场
2018-09-20,阿里村菇,com.flxx.alicungu,金融理财,,小米应用市场
2018-09-20,合众钱包,com.yibao.mobilepay,金融理财,,小米应用市场
2018-09-20,信贷员管家,com.xncredit.xdy,金融理财,,小米应用市场
2018-09-20,策略交易-股票配资,com.juxin.wz.celjy,金融理财,,小米应用市场
2018-09-20,中金商品交易,com.example.touzi.shangpin,金融理财,,小米应用市场
2018-09-20,好贷借款-贷款APP借钱,com.jjr.app,金融理财,,小米应用市场
2018-09-20,爱米金服,com.yuanin.aimifinance,金融理财,,小米应用市场
2018-09-20,值得借贷款,com.daihanqiao.wallet,金融理财,,小米应用市场
2018-09-20,智贷之家-小额贷款,com.shubang.work.zhidaizhijia,金融理财,,小米应用市场
2018-09-20,华林证券,com.weizq,金融理财,,小米应用市场
2018-09-20,期货合约查询,com.ytkj.qhhycx,金融理财,,小米应用市场
2018-09-20,万达财富,com.wanda.wealthapp,金融理财,,小米应用市场
2018-09-20,招商贷,com.heshi.zhaoshangdai,金融理财,,小米应用市场
2018-09-20,简融现金贷款王,cn.mifengkong.loan,金融理财,,小米应用市场
2018-09-20,趋势线股票配资,com.qsx.www,金融理财,,小米应用市场
2018-09-20,人人借钱贷款,com.pingxun.loankingchange.activity,金融理财,,小米应用市场
2018-09-20,简易记账本,com.jyjzb,金融理财,,小米应用市场
2018-09-20,闪银,com.syqy.wecash,金融理财,,小米应用市场
2018-09-20,掌易行,cn.srbank,金融理财,,小米应用市场
2018-09-20,爱放米,cn.melonmobile.jiebihuan,金融理财,,小米应用市场
2018-09-20,嗨皮贷,com.fenqi.happydai,金融理财,,小米应用市场
2018-09-20,给你花极速版,com.fenqi.client,金融理财,,小米应用市场
2018-09-20,给你花贷款,com.fenqi.dlfenqi,金融理财,,小米应用市场
2018-09-20,给你花借钱,com.fenqi.carrotwallet,金融理财,,小米应用市场
2018-09-20,富途牛牛,cn.futu.trader,金融理财,,小米应用市场
2018-09-20,平安金管家,com.pingan.lifeinsurance,金融理财,,小米应用市场
2018-09-20,外汇老虎,com.laohu.wh,金融理财,,小米应用市场
2018-09-20,浙商友金谷,com.zszq.yjg,金融理财,,小米应用市场
2018-09-20,汇智盈期,com.yskj.hzfuture,金融理财,,小米应用市场
2018-09-20,易乐分期,com.stnts.yileloan,金融理财,,小米应用市场
2018-09-20,捷好用,com.jieshunpay.app,金融理财,,小米应用市场
2018-09-20,白条贷款,com.qmdk.btdk,金融理财,,小米应用市场
2018-09-20,集思录,com.jisilu.lowrisk,金融理财,,小米应用市场
2018-09-20,秒借款借钱,com.daihanqiao.wallermjk,金融理财,,小米应用市场
2018-09-20,借贷宝借钱,jdb.com.loancreate,金融理财,,小米应用市场
2018-09-20,分期借钱贷款,com.xncredit.fqd,金融理财,,小米应用市场
2018-09-20,云财富金服,com.fiveeightcm.ycf,金融理财,,小米应用市场
2018-09-20,股票配资吧,com.gppzb.www,金融理财,,小米应用市场
2018-09-20,红包袋,com.ump,金融理财,,小米应用市场
2018-09-20,好花钱,com.xiao.zs,金融理财,,小米应用市场
2018-09-20,信用猫-极速贷款,com.vcredit.creditcat,金融理财,,小米应用市场
2018-09-20,备胎信用-贷款借钱,com.cheok.credit,金融理财,,小米应用市场
2018-09-20,借一借借钱,com.daihanqiao.jyj,金融理财,,小米应用市场
2018-09-20,掌上工资条,cn.mmlj.kingflysala,金融理财,,小米应用市场
2018-09-20,长青直销银行,cn.zznsyh,金融理财,,小米应用市场
2018-09-20,余易贷理财,io.dcloud.H57190C0A,金融理财,,小米应用市场
2018-09-20,涌泉理财,com.yqjinfu.bjyq,金融理财,,小米应用市场
2018-09-20,随手借,audaque.SuiShouJie,金融理财,,小米应用市场
2018-09-20,晋金所,com.thinkive.android.jinjinsuo,金融理财,,小米应用市场
2018-09-20,记账管家,com.jizgj,金融理财,,小米应用市场
2018-09-20,随行付收银台,com.suixingpay.cashier,金融理财,,小米应用市场
2018-09-20,聚宝珠,com.mingxuan.jubaozhu,金融理财,,小米应用市场
2018-09-20,白杨金融,com.hangzhou.baiyang,金融理财,,小米应用市场
2018-09-20,储蓄罐,howbuy.android.piggy,金融理财,,小米应用市场
2018-09-20,保啊BAOA,com.baoalife.insurance,金融理财,,小米应用市场
2018-09-20,正好花借款-贷款,com.zhph.zhhcredit,金融理财,,小米应用市场
2018-09-20,有钱花,com.duxiaoman.umoney,金融理财,,小米应用市场
2018-09-20,齐鲁直销银行,com.iss.dbank.qilu,金融理财,,小米应用市场
2018-09-20,东银直销银行,com.iss.dbank.dongying,金融理财,,小米应用市场
2018-09-20,秒贷金融,com.miaodai.p2papp,金融理财,,小米应用市场
2018-09-20,锡银在线,cn.com.wrcb.afubank,金融理财,,小米应用市场
2018-09-20,指还王,com.xhqb.xhzhw,金融理财,,小米应用市场
2018-09-20,股大咖,com.upchina.teach,金融理财,,小米应用市场
2018-09-20,期货白银,com.lt.happ3mi,金融理财,,小米应用市场
2018-09-20,鲸钱包,com.avictc.jingqbnative,金融理财,,小米应用市场
2018-09-20,星星钱袋,com.vcredit.starcredit,金融理财,,小米应用市场
2018-09-20,中旅银行,com.csii.jiaozuo,金融理财,,小米应用市场
2018-09-20,惠花花,com.huihuahua.loan,金融理财,,小米应用市场
2018-09-20,中欧钱滚滚,com.qiangungun,金融理财,,小米应用市场
2018-09-20,白鲸信用,cn.blackfish.android.financialmarket,金融理财,,小米应用市场
2018-09-20,有钱花Lite,com.baidu.umoney,金融理财,,小米应用市场
2018-09-20,币友,com.mm.coinalert,金融理财,,小米应用市场
2018-09-20,借的到,com.chuangmi.jiededao,金融理财,,小米应用市场
2018-09-20,益盟操盘手,cn.emoney.emstock,金融理财,,小米应用市场
2018-09-20,百度钱包,com.baidu.wallet,金融理财,,小米应用市场
2018-09-20,mo9钱包,com.example.m9qb,金融理财,,小米应用市场
2018-09-20,胜利移动,com.tsci.vic,金融理财,,小米应用市场
2018-09-20,杉付通,com.uinpay.app.oem1001,金融理财,,小米应用市场
2018-09-20,汇泰在线,com.nantian.huitai,金融理财,,小米应用市场
2018-09-20,恒昌财富,com.wangzhong.fortune,金融理财,,小米应用市场
2018-09-20,东方红,com.szltech.OrientSecurities,金融理财,,小米应用市场
2018-09-20,51白卡,cn.mifengkong.wuyaobaika,金融理财,,小米应用市场
2018-09-20,有鱼贷款,com.yydk.credit,金融理财,,小米应用市场
2018-09-20,聚优财,com.jyc99.jyc,金融理财,,小米应用市场
2018-09-20,中原银行,com.csii.zybk.ui,金融理财,,小米应用市场
2018-09-20,金蜜蜂聚合,com.newcapec.jinmifeng.ncp,金融理财,,小米应用市场
2018-09-20,闪电赚钱-手机兼职,mall.qk.app,金融理财,,小米应用市场
2018-09-20,快钱,com.example.kq47,金融理财,,小米应用市场
2018-09-20,云缴费,com.chinaCEB.cebActivity,金融理财,,小米应用市场
2018-09-20,币港湾,com.coinharbour,金融理财,,小米应用市场
2018-09-20,汇贷款-微粒钱包,com.zhmf.loan,金融理财,,小米应用市场
2018-09-20,汇贷客-信贷经理,com.zhmf.loan3,金融理财,,小米应用市场
2018-09-20,苏宁消费金融,com.csii.sncfc,金融理财,,小米应用市场
2018-09-20,玛瑙湾,com.manaowan.mobile.android,金融理财,,小米应用市场
2018-09-20,挖财记账,com.wacai365,金融理财,,小米应用市场
2018-09-20,薛掌柜,com.zlfund.xzg,金融理财,,小米应用市场
2018-09-20,天机阁,com.jdqh.borrowmoney,金融理财,,小米应用市场
2018-09-20,小满金服,com.nangua.xiaomanjflc,金融理财,,小米应用市场
2018-09-20,分期贷款借钱,com.miya.fqdkjq,金融理财,,小米应用市场
2018-09-20,乐享宝,com.datongcapital.lexiangbao,金融理财,,小米应用市场
2018-09-20,信用飞,com.xinyongfei.xyf,金融理财,,小米应用市场
2018-09-20,用钱大师,com.conglianh.yongqiandsxm,金融理财,,小米应用市场
2018-09-20,熊猫保保,com.panda.panda,金融理财,,小米应用市场
2018-09-20,廊坊银行,com.urthinker.langfangbank.lfbank,金融理财,,小米应用市场
2018-09-20,民投金服,com.mintou.finance,金融理财,,小米应用市场
2018-09-20,宜盛宝,com.shys.ysb,金融理财,,小米应用市场
2018-09-20,全网贷款借钱借款,com.qwd.quanwangdai,金融理财,,小米应用市场
2018-09-20,优选理财-理财投资,com.preference.mz.android,金融理财,,小米应用市场
2018-09-20,贝壳金服,com.bkjk.apollo,金融理财,,小米应用市场
2018-09-20,贷立得,com.hj.dailide,金融理财,,小米应用市场
2018-09-20,99贷,cn.jiujiudai.H5291D299,金融理财,,小米应用市场
2018-09-20,联动收款,com.apicloud.A6974357097834,金融理财,,小米应用市场
2018-09-20,贷款助手,cn.jiujiudai.H5291D269,金融理财,,小米应用市场
2018-09-20,叮咚钱包,com.cowinclub.dingdong,金融理财,,小米应用市场
2018-09-20,超人卡,com.chainfin.card,金融理财,,小米应用市场
2018-09-20,京贷金服,com.uoozi.uoozi,金融理财,,小米应用市场
2018-09-20,中银消费金融,cn.boccfc.loan.finance,金融理财,,小米应用市场
2018-09-20,蚂米金服,com.gs.mami,金融理财,,小米应用市场
2018-09-20,叮当借贷,com.sbjs408047d.shengbeijisudai,金融理财,,小米应用市场
2018-09-20,新浪卡贷-大额贷款,com.sinaif.credit,金融理财,,小米应用市场
2018-09-20,新浪有借-手机贷款,com.iask.finance,金融理财,,小米应用市场
2018-09-20,现金贷手机借钱,com.zhangzhong.borrow.xjjq,金融理财,,小米应用市场
2018-09-20,交银基金,com.fund001.etradingapp,金融理财,,小米应用市场
2018-09-20,现金白卡,com.kdlc.mcc,金融理财,,小米应用市场
2018-09-20,恒易融,com.hengyirong,金融理财,,小米应用市场
2018-09-20,环球金融,com.congred.hqfinancial,金融理财,,小米应用市场
2018-09-20,长安银行,com.iss.changanbank,金融理财,,小米应用市场
2018-09-20,人人贷借款,com.ucredit.financial.android,金融理财,,小米应用市场
2018-09-20,现金贷信用卡借款,cn.daoan.xianjinloan,金融理财,,小米应用市场
2018-09-20,量加股票,com.smartniu.quantify,金融理财,,小米应用市场
2018-09-20,信用卡代还,com.xyk.yyzny,金融理财,,小米应用市场
2018-09-20,潍坊银行,com.iss.weifangbank,金融理财,,小米应用市场
2018-09-20,玖富犇犇,com.sunline.android.sunline,金融理财,,小米应用市场
2018-09-20,齐鲁银行,com.iss.qilubank,金融理财,,小米应用市场
2018-09-20,证券之星网,com.sstar.stockstarnews,金融理财,,小米应用市场
2018-09-20,泰安银行,com.iss.taianbank,金融理财,,小米应用市场
2018-09-20,东营银行,com.iss.dongyingbank,金融理财,,小米应用市场
2018-09-20,小额贷款,cn.mirong.loan1,金融理财,,小米应用市场
2018-09-20,财神贷信用借款,cn.mirong.caishenloan,金融理财,,小米应用市场
2018-09-20,DD记账,com.dwtedx.income,金融理财,,小米应用市场
2018-09-20,宝象金融,cc.bxjr.bxapp,金融理财,,小米应用市场
2018-09-20,小小理财,com.xxlc.xxlc,金融理财,,小米应用市场
2018-09-20,黄金交易平台-黄金,com.gwtsz.gts2.cf2,金融理财,,小米应用市场
2018-09-20,交易大师,com.mackuan.mastra,金融理财,,小米应用市场
2018-09-20,银河智投,com.yqht.galaxy,金融理财,,小米应用市场
2018-09-20,商品交易-现货白银,com.ylmall.app.ui,金融理财,,小米应用市场
2018-09-20,交通银行,com.bankcomm.Bankcomm,金融理财,,小米应用市场
2018-09-20,天下花,com.gsde.txh,金融理财,,小米应用市场
2018-09-20,掌上交易-八元投资,com.ylzsjiaoyi.app.ui,金融理财,,小米应用市场
2018-09-20,信用卡申办,com.huishuakapa23.credit,金融理财,,小米应用市场
2018-09-20,51卡宝,net.kabao51.app,金融理财,,小米应用市场
2018-09-20,天天借款,com.tiantianjiekuan.app,金融理财,,小米应用市场
2018-09-20,律金金融,com.lvjinsuo.program,金融理财,,小米应用市场
2018-09-20,华安基金,cn.com.huaan.fund.acts,金融理财,,小米应用市场
2018-09-20,合拍在线,com.usky.hponline,金融理财,,小米应用市场
2018-09-20,AI智投,com.sscf.investment,金融理财,,小米应用市场
2018-09-20,用卡无忧,com.bank.ykwy,金融理财,,小米应用市场
2018-09-20,兜信,com.mandofin.douxin,金融理财,,小米应用市场
2018-09-20,点账,com.shjysoft.pointacc,金融理财,,小米应用市场
2018-09-20,惠商超,com.jrit.aya,金融理财,,小米应用市场
2018-09-20,今借到,com.renrenxin.jjd,金融理财,,小米应用市场
2018-09-20,我借你花-贷款,com.tianqismart.wjnh,金融理财,,小米应用市场
2018-09-20,钱潮-信用卡收款,com.huahu.qianchaokabei,金融理财,,小米应用市场
2018-09-20,包有钱,cn.tongchengfs.byq,金融理财,,小米应用市场
2018-09-20,赫美易贷,com.ufclub.loan,金融理财,,小米应用市场
2018-09-20,钱庄贷款-现金贷款,com.qianzhuangdk.firstbank,金融理财,,小米应用市场
2018-09-20,实时贷,cn.shishidai.H5D5071E4,金融理财,,小米应用市场
2018-09-20,大奇迹,cn.miracleday.finance,金融理财,,小米应用市场
2018-09-20,钱司机,com.zhenliangjishu.qiansiji,金融理财,,小米应用市场
2018-09-20,江海锦龙综合版,com.hexin.plat.android.JianghaiSecurity,金融理财,,小米应用市场
2018-09-20,LTSPR,com.lt.happ14,金融理财,,小米应用市场
2018-09-20,懒人记账,com.lanren.jz,金融理财,,小米应用市场
2018-09-20,哈银消金,com.hrbbcfc.client,金融理财,,小米应用市场
2018-09-20,石投金融,com.invstone.android,金融理财,,小米应用市场
2018-09-20,嗨付海尔消费金融,com.haiercash,金融理财,,小米应用市场
2018-09-20,借款365,com.qmdk.jkslw,金融理财,,小米应用市场
2018-09-20,78商机,cn.ctvonline.android,金融理财,,小米应用市场
2018-09-20,小米金融,com.xiaomi.jr,金融理财,,小米应用市场
2018-09-20,财富派,com.noahyijie.ygb,金融理财,,小米应用市场
2018-09-20,強化版MQ,com.etnet.android.iq,金融理财,,小米应用市场
2018-09-20,小小金融贷款借钱,com.xxjr.xxjr,金融理财,,小米应用市场
2018-09-20,低息人人贷款,com.sinaif.finance16,金融理财,,小米应用市场
2018-09-20,口子来了小额贷款,com.caimao.cashload.navigation,金融理财,,小米应用市场
2018-09-20,借东风,com.wanqiandaikuan.jdf,金融理财,,小米应用市场
2018-09-20,精灵投资,com.mjingling,金融理财,,小米应用市场
2018-09-20,易速借,com.hnzcwl.yisuj,金融理财,,小米应用市场
2018-09-20,好快贷-借钱贷款,cn.xmjbq.gqloan,金融理财,,小米应用市场
2018-09-20,融小鹿,com.rongxiaolu.loong,金融理财,,小米应用市场
2018-09-20,蜂融网,com.fengrongwang,金融理财,,小米应用市场
2018-09-20,企鹅外汇,com.penguinforex.app,金融理财,,小米应用市场
2018-09-20,办信用卡,com.huishuakapa67.credit,金融理财,,小米应用市场
2018-09-20,网易支付,com.netease.epay,金融理财,,小米应用市场
2018-09-20,个人预算管理,wdy.grysgl,金融理财,,小米应用市场
2018-09-20,盈益云交易,com.yingkuan.futures,金融理财,,小米应用市场
2018-09-20,黄金管家,com.mz.chamberlain,金融理财,,小米应用市场
2018-09-20,微粒信用小额借款,com.caimao.cashloan.wlxy,金融理财,,小米应用市场
2018-09-20,叩富汇,com.wzcy.wh,金融理财,,小米应用市场
2018-09-20,信用宝,cn.xyb100.xyb,金融理财,,小米应用市场
2018-09-20,手机贷,com.shcc.quhua,金融理财,,小米应用市场
2018-09-20,贵金属,com.gwtsz.gts2.cf3,金融理财,,小米应用市场
2018-09-20,来分期乐贷款,com.example.lfqldka,金融理财,,小米应用市场
2018-09-20,比财,com.bs.finance,金融理财,,小米应用市场
2018-09-20,得富宝,com.example.defubaoapp,金融理财,,小米应用市场
2018-09-20,上善企服,com.ssrs.ees,金融理财,,小米应用市场
2018-09-20,365易贷,com.eloan.invest,金融理财,,小米应用市场
2018-09-20,壹伴客,com.bankofdl.directbank,金融理财,,小米应用市场
2018-09-20,恐龙银行,com.pafinancialtech.zigongbank,金融理财,,小米应用市场
2018-09-20,好记账,com.jzhaojx.app,金融理财,,小米应用市场
2018-09-20,美借,com.example.mj48,金融理财,,小米应用市场
2018-09-20,账单宝,com.zdb.jz,金融理财,,小米应用市场
2018-09-20,征信借贷,com.zxjd.credit,金融理财,,小米应用市场
2018-09-20,微诺亚,com.noahwm.android,金融理财,,小米应用市场
2018-09-20,钱鼓鼓电商,com.qiangugu.Ecommerce,金融理财,,小米应用市场
2018-09-20,嘉实理财嘉,com.harvestfund2,金融理财,,小米应用市场
2018-09-20,e号贷,com.example.ehdyb,金融理财,,小米应用市场
2018-09-20,平安证券,com.hundsun.winner.pazq,金融理财,,小米应用市场
2018-09-20,大额贷,com.xmcyr.daedai,金融理财,,小米应用市场
2018-09-20,速到账,com.wskj.sudaoz,金融理财,,小米应用市场
2018-09-20,招银汇金,com.cmbchina.gold,金融理财,,小米应用市场
2018-09-20,蛋卷基金,com.xueqiu.fund,金融理财,,小米应用市场
2018-09-20,海浪淘金,com.hailang.taojin,金融理财,,小米应用市场
2018-09-20,快借钱包,com.innext.kjqb,金融理财,,小米应用市场
2018-09-20,速贷宝借款贷款,cn.daoan.sudaibao,金融理财,,小米应用市场
2018-09-20,陆金所,com.lufax.android,金融理财,,小米应用市场
2018-09-20,360借条,com.qihoo.loan,金融理财,,小米应用市场
2018-09-20,小智理财,com.xiaozhilc.app,金融理财,,小米应用市场
2018-09-20,小赢钱包,com.xiaoying.wallet,金融理财,,小米应用市场
2018-09-20,旺财狗,cn.app.woncaidog,金融理财,,小米应用市场
2018-09-20,金建投,com.zxjt.jjt,金融理财,,小米应用市场
2018-09-20,人人快借,com.kdlc.rrkj,金融理财,,小米应用市场
2018-09-20,有鱼分期,com.yyfq.credit,金融理财,,小米应用市场
2018-09-20,来分期,com.laifenqi.android.app,金融理财,,小米应用市场
2018-09-20,现金巴士,com.cashbus.android.swhj,金融理财,,小米应用市场
2018-09-20,168金服,com.zjzx.licaiwang168,金融理财,,小米应用市场
2018-09-20,民享财富会,com.fminxiang.fortuneclub,金融理财,,小米应用市场
2018-09-20,手机借款宝,com.hzjn.dkone,金融理财,,小米应用市场
2018-09-20,新速贷贷款,cn.xmfengrong.sudai,金融理财,,小米应用市场
2018-09-20,桔子优卡,com.kdlc.mobile.jzyk,金融理财,,小米应用市场
2018-09-20,币赚钱,com.se.bzq.biteeny,金融理财,,小米应用市场
2018-09-20,秒借到,com.zjfn.miaojied,金融理财,,小米应用市场
2018-09-20,借了吗,com.iot.glb,金融理财,,小米应用市场
2018-09-20,金投手-投资理财,com.jts.android,金融理财,,小米应用市场
2018-09-20,小额贷款,com.xedk.credit,金融理财,,小米应用市场
2018-09-20,球爱,com.pingco.android.qiuai,金融理财,,小米应用市场
2018-09-20,秒秒分期-小额贷款,com.dhf.miaomiaodai,金融理财,,小米应用市场
2018-09-20,速贷借呗,cn.paidan.jiebei,金融理财,,小米应用市场
2018-09-20,同花顺-股票炒股,com.hexin.plat.android,金融理财,,小米应用市场
2018-09-20,兴全基金,com.xyqqfund.android,金融理财,,小米应用市场
2018-09-20,好钱包,com.whptp.hqb,金融理财,,小米应用市场
2018-09-20,徽行信用卡,cn.com.huishangbank.mbank,金融理财,,小米应用市场
2018-09-20,中信证券,com.zxscnew,金融理财,,小米应用市场
2018-09-20,信而富,com.crfchina.market,金融理财,,小米应用市场
2018-09-20,趣花分期-手机贷款,com.shcc.microcredit,金融理财,,小米应用市场
2018-09-20,一创智富通,com.firstcapital,金融理财,,小米应用市场
2018-09-20,天风高财生,com.tfzq.gcs,金融理财,,小米应用市场
2018-09-20,家庭记账,com.jz.jiating,金融理财,,小米应用市场
2018-09-20,股票灯塔-炒股,com.dengtacj.stock,金融理财,,小米应用市场
2018-09-20,容易借,com.rybring,金融理财,,小米应用市场
2018-09-20,贷钱吗,com.jkl.loanmoney,金融理财,,小米应用市场
2018-09-20,银行信用卡办卡,com.yysh.credit,金融理财,,小米应用市场
2018-09-20,广发期货,com.guangfaqihuo.mhdxh,金融理财,,小米应用市场
2018-09-20,钱站官方版,aiqianjin.jiea,金融理财,,小米应用市场
2018-09-20,金向标,com.goldvane.wealth,金融理财,,小米应用市场
2018-09-20,在街上收银,com.dzq.lxq.manager.cash,金融理财,,小米应用市场
2018-09-20,老虎期货,com.ftigers.futures,金融理财,,小米应用市场
2018-09-20,人人借,com.rrj.lm,金融理财,,小米应用市场
2018-09-20,喜鹊快贷,com.fengwd.android.mobile,金融理财,,小米应用市场
2018-09-20,现金贷款金融社区,cn.toput.udai,金融理财,,小米应用市场
2018-09-20,哈行信用卡,cn.com.hebbank.mbank,金融理财,,小米应用市场
2018-09-20,马上到账,com.i154524261.vdf,金融理财,,小米应用市场
2018-09-20,宁夏银行手机银行,com.csii.nxbank,金融理财,,小米应用市场
2018-09-20,信用付,com.jimlai.ztx,金融理财,,小米应用市场
2018-09-20,今日操盘,com.wisetun.jinricaopan,金融理财,,小米应用市场
2018-09-20,阳光惠生活,com.ebank.creditcard,金融理财,,小米应用市场
2018-09-20,且慢,cn.yingmi.qieman.hermione,金融理财,,小米应用市场
2018-09-20,南京银行,cn.com.njcb.android.mobilebank,金融理财,,小米应用市场
2018-09-20,小草银行,com.jincheng.main,金融理财,,小米应用市场
2018-09-20,换手率,com.hsl.stock,金融理财,,小米应用市场
2018-09-20,超爱财,com.tritonsfs.chaoaicai,金融理财,,小米应用市场
2018-09-20,睿云,com.reitsfin.reitsyun,金融理财,,小米应用市场
2018-09-20,私募云,com.simuyun.adviser,金融理财,,小米应用市场
2018-09-20,彩贝股票,net.icaibei.live,金融理财,,小米应用市场
2018-09-20,有鱼借款,com.yyjkk.credit,金融理财,,小米应用市场
2018-09-20,开源股票开户,com.thinkive.mobile.account_ky,金融理财,,小米应用市场
2018-09-20,枣庄银行,com.iss.zaozhuangbank,金融理财,,小米应用市场
2018-09-20,金融界,com.jrj.stock.level2,金融理财,,小米应用市场
2018-09-20,巴比特,com.blockmeta.bbs,金融理财,,小米应用市场
2018-09-20,贷款有钱借款,com.weirong.fenbao12,金融理财,,小米应用市场
2018-09-20,有才金银,com.dianyi.metaltrading,金融理财,,小米应用市场
2018-09-20,微淘金,com.trade.gold,金融理财,,小米应用市场
2018-09-20,西瓜贷,com.blue.waterloan,金融理财,,小米应用市场
2018-09-20,东方财富,com.eastmoney.android.berlin,金融理财,,小米应用市场
2018-09-20,诺远普惠,com.nuoyuan.xd,金融理财,,小米应用市场
2018-09-20,诺信金服,com.creditfinance,金融理财,,小米应用市场
2018-09-20,嘉信交易宝,com.tsci.ksr,金融理财,,小米应用市场
2018-09-20,爱分期,com.aifenqi.app1,金融理财,,小米应用市场
2018-09-20,分期贷,com.jtiaol.app,金融理财,,小米应用市场
2018-09-20,易港金融,com.ygjr.ycd,金融理财,,小米应用市场
2018-09-20,紫马财行,com.zimadai,金融理财,,小米应用市场
2018-09-20,投资理财通,com.tzlct.app,金融理财,,小米应用市场
2018-09-20,华通银行,com.onebank.mbs,金融理财,,小米应用市场
2018-09-20,乐钱,com.leqian,金融理财,,小米应用市场
2018-09-20,捷利交易宝,com.konsonsmx.iqdii,金融理财,,小米应用市场
2018-09-20,易生活分期,com.satd.yshfq,金融理财,,小米应用市场
2018-09-20,懒人小钱,com.hzkz.lanrxq,金融理财,,小米应用市场
2018-09-20,民族证券小方,com.foundersc.app.xm,金融理财,,小米应用市场
2018-09-20,任性付,com.example.hkd,金融理财,,小米应用市场
2018-09-20,荔枝闪贷-闪电借款,com.sinaif.credit5,金融理财,,小米应用市场
2018-09-20,小贷优品,com.xdyp.lm,金融理财,,小米应用市场
2018-09-20,掌控全球,com.kiiik,金融理财,,小米应用市场
2018-09-20,盈交易,com.tradehero.cfd,金融理财,,小米应用市场
2018-09-20,多赚,cn.sevencolors.browser_chat,金融理财,,小米应用市场
2018-09-20,魔法借钱,com.ymnet.mofxj,金融理财,,小米应用市场
2018-09-20,闪领钱,com.lcwl.shanlingq,金融理财,,小米应用市场
2018-09-20,小额借款-现金借款,com.borrow.anytime,金融理财,,小米应用市场
2018-09-20,嘉银港股,com.niwodai.nwdstock,金融理财,,小米应用市场
2018-09-20,钱很多,com.hzgxr.qiandd,金融理财,,小米应用市场
2018-09-20,十元淘金,com.czzdit.mit_atrade.kjds.s01,金融理财,,小米应用市场
2018-09-20,长城华西银行,com.gwbank.sjyh,金融理财,,小米应用市场
2018-09-20,烟行直销银行,com.iss.dbank.yantai,金融理财,,小米应用市场
2018-09-20,汉金所,com.hanxinbank.platform,金融理财,,小米应用市场
2018-09-20,新浪有还-借钱软件,com.sinaif.credit17,金融理财,,小米应用市场
2018-09-20,雪山贷,com.xueshanjinrong.snowmountainloan,金融理财,,小米应用市场
2018-09-20,有用分期,com.fenqiyy.app,金融理财,,小米应用市场
2018-09-20,钱进贷,com.rybring.xyd.qianjindai,金融理财,,小米应用市场
2018-09-20,创富CFD-外汇,com.gwtsz.gts2.cf,金融理财,,小米应用市场
2018-09-20,恒大金服,com.evergrande.eif.android.hengjiaosuo,金融理财,,小米应用市场
2018-09-20,蜗牛好房,com.jieyue.houseloan.agent,金融理财,,小米应用市场
2018-09-20,好规划理财,com.haoguihua.app,金融理财,,小米应用市场
2018-09-20,OOZIZ,com.ooizi,金融理财,,小米应用市场
2018-09-20,现金黑卡,com.xjhk.loan,金融理财,,小米应用市场
2018-09-20,诺秒贷,com.nuoyuan.npl,金融理财,,小米应用市场
2018-09-20,汇盈金服,com.huiyingdai.apptest,金融理财,,小米应用市场
2018-09-20,9188记账,com.caiyi.accounting,金融理财,,小米应用市场
2018-09-20,稠银宝,com.czcb.czmer,金融理财,,小米应用市场
2018-09-20,嘉石榴,com.jia16,金融理财,,小米应用市场
2018-09-20,无忧贷款钱包,com.vip.pinganedai,金融理财,,小米应用市场
2018-09-20,金牛外汇,com.funforex.jinniuforex,金融理财,,小米应用市场
2018-09-20,信用卡取现,com.xyk.wkgj,金融理财,,小米应用市场
2018-09-20,51人品贷,com.enniu.renpindai,金融理财,,小米应用市场
2018-09-20,杉易贷,com.sylend.p2p,金融理财,,小米应用市场
2018-09-20,蜂蚁联盟,com.fyzflm.pay,金融理财,,小米应用市场
2018-09-20,东方赢家财富版,com.dfzq.winner,金融理财,,小米应用市场
2018-09-20,51收款宝,com.shoukb51.zhongm.app,金融理财,,小米应用市场
2018-09-20,今日淘金,com.jinritaojin.app,金融理财,,小米应用市场
2018-09-20,懒人期货,com.o121014964.yng,金融理财,,小米应用市场
2018-09-20,向前金服,com.jieyue.jieyue,金融理财,,小米应用市场
2018-09-20,随管家,com.feidee.myfinance,金融理财,,小米应用市场
2018-09-20,中信银行,com.ecitic.bank.mobile,金融理财,,小米应用市场
2018-09-20,贝尔在线理财,com.zzl.falcon,金融理财,,小米应用市场
2018-09-20,笑脸金融理财,com.ghph.smile,金融理财,,小米应用市场
2018-09-20,元宝365,com.dayuanbao.yuanbao,金融理财,,小米应用市场
2018-09-20,快速借钱-现金借款,com.identitycalculator,金融理财,,小米应用市场
2018-09-20,慧策略,cn.cowboy9666.alph,金融理财,,小米应用市场
2018-09-20,百度金融商户,com.baidu.bshop,金融理财,,小米应用市场
2018-09-20,优e贷资方,com.cogian.yedzf,金融理财,,小米应用市场
2018-09-20,人品之家,com.sj.woekapp,金融理财,,小米应用市场
2018-09-20,信用卡办理,com.huishuakapa68.credit,金融理财,,小米应用市场
2018-09-20,浦银安盛基金,com.hundsun.pyas,金融理财,,小米应用市场
2018-09-20,八戒金融,com.zhubajie.jrapp,金融理财,,小米应用市场
2018-09-20,优借-贷款借钱借款,com.yuntu.jkzjpro,金融理财,,小米应用市场
2018-09-20,餐饮加盟网,com.appk18.android,金融理财,,小米应用市场
2018-09-20,信用卡网上申办,com.huishuakapa3.credit,金融理财,,小米应用市场
2018-09-20,借钱信用卡,com.huishuakapa19.credit,金融理财,,小米应用市场
2018-09-20,聚车金融,com.hzgxr.ifcar99,金融理财,,小米应用市场
2018-09-20,鑫合汇理财,com.yrz.atourong,金融理财,,小米应用市场
2018-09-20,直销银行,com.pafinancialtech.weihaibank,金融理财,,小米应用市场
2018-09-20,仙人掌股票,com.icaikee.xrzgp,金融理财,,小米应用市场
2018-09-20,医分期,com.qiaorongjinfu.qiaorong.qiaorong,金融理财,,小米应用市场
2018-09-20,七秒贷,com.xiaocheng.qmd,金融理财,,小米应用市场
2018-09-20,东海通,com.donghaisc,金融理财,,小米应用市场
2018-09-20,理房通,com.android.lft,金融理财,,小米应用市场
2018-09-20,羊羊管家-代还卡,com.xyk.yygj,金融理财,,小米应用市场
2018-09-20,东方车贷,cn.com.kingwins.ecl,金融理财,,小米应用市场
2018-09-20,京金所,com.jingjinsuo.jjs,金融理财,,小米应用市场
2018-09-20,招商招钱宝,com.logansoft.zcbao,金融理财,,小米应用市场
2018-09-20,钱秘书,com.zhenghao.android.investment,金融理财,,小米应用市场
2018-09-20,共享钱包—贷款借钱,com.rex.nmloan,金融理财,,小米应用市场
2018-09-20,掌众财富,cn.com.wealth365.licai,金融理财,,小米应用市场
2018-09-20,你我金融,com.junte.onlinefinance,金融理财,,小米应用市场
2018-09-20,有融网,com.yourong.www,金融理财,,小米应用市场
2018-09-20,联讯金融,com.lxsc.gen,金融理财,,小米应用市场
2018-09-20,蛋花花,com.jindan.jdloan,金融理财,,小米应用市场
2018-09-20,懒财金服,com.lancai.main,金融理财,,小米应用市场
2018-09-20,借多少,com.borrowmuch.activity,金融理财,,小米应用市场
2018-09-20,小牛秒借,com.xulu.xnpacket,金融理财,,小米应用市场
2018-09-20,玖富万卡,com.jfbank.wanka,金融理财,,小米应用市场
2018-09-20,廊坊直销银行,com.dbank.lccb,金融理财,,小米应用市场
2018-09-20,速贷之家,com.yeer.sdzj,金融理财,,小米应用市场
2018-09-20,凑凑,com.example.administrator.coucou,金融理财,,小米应用市场
2018-09-20,股管家,com.jyzqsz.stock,金融理财,,小米应用市场
2018-09-20,好福利,com.paic.yl.health,金融理财,,小米应用市场
2018-09-20,富管家,com.tianan.baiying,金融理财,,小米应用市场
2018-09-20,金氪,com.jinke.finance,金融理财,,小米应用市场
2018-09-20,简单理财网,com.jiandanlicai.jdlcapp,金融理财,,小米应用市场
2018-09-20,秒贷现金贷款,com.yihan.seconds,金融理财,,小米应用市场
2018-09-20,分利宝,com.fenlibao.fenlibao,金融理财,,小米应用市场
2018-09-20,以太坊钱包,qbeth.hjethqb.com,金融理财,,小米应用市场
2018-09-20,借贷王-贷款借钱,com.moneyKeeped,金融理财,,小米应用市场
2018-09-20,国金期货-期货交易,com.guojinqihuo.mhdxh,金融理财,,小米应用市场
2018-09-20,迅捷贷,com.chile.fastloan,金融理财,,小米应用市场
2018-09-20,网利宝,com.wljr.wanglibao,金融理财,,小米应用市场
2018-09-20,百家云股,com.rongwei.illdvm.baijiacaifu,金融理财,,小米应用市场
2018-09-20,黑鱼贷款-借钱,com.zhaohanqing.blackfishloans,金融理财,,小米应用市场
2018-09-20,轻松互助,com.qingsongchou.mutually,金融理财,,小米应用市场
2018-09-20,信而贷款借钱,com.pingxun.loanandcredit,金融理财,,小米应用市场
2018-09-20,包找钱,cn.duowei.loansupermarket,金融理财,,小米应用市场
2018-09-20,沃要投,com.sp2p.wyt,金融理财,,小米应用市场
2018-09-20,花钱无忧,com.jieqian2345,金融理财,,小米应用市场
2018-09-20,中国建设银行,com.chinamworld.main,金融理财,,小米应用市场
2018-09-20,江海锦龙大众版,com.jhscgen,金融理财,,小米应用市场
2018-09-20,悟空理财,com.wukonglicai.app,金融理财,,小米应用市场
2018-09-20,优e贷,com.cogian.youedai,金融理财,,小米应用市场
2018-09-20,领钱儿,mrbt.lingqian,金融理财,,小米应用市场
2018-09-20,文华财经,com.zltz.springl,金融理财,,小米应用市场
2018-09-20,诺亚全球通,com.noahwm.hkapp,金融理财,,小米应用市场
2018-09-20,e车险保,com.cheche.www,金融理财,,小米应用市场
2018-09-20,创盈小助手,com.hundsun.stockwinner.cyqh,金融理财,,小米应用市场
2018-09-20,秒到钱,com.cashapp.mdq,金融理财,,小米应用市场
2018-09-20,和讯外汇,com.hexun.forex,金融理财,,小米应用市场
2018-09-20,小额借款,com.yunfengxiang.dk001,金融理财,,小米应用市场
2018-09-20,有金堂,com.tjpay.yjt,金融理财,,小米应用市场
2018-09-20,小牛情报,com.blockchain.advices,金融理财,,小米应用市场
2018-09-20,梧桐诚选,com.wutong,金融理财,,小米应用市场
2018-09-20,个人征信报告查询,com.gongju.zxcxzyb,金融理财,,小米应用市场
2018-09-20,花生米钱包,com.yueshu.nuts,金融理财,,小米应用市场
2018-09-20,股博士,com.jerry.guboshi,金融理财,,小米应用市场
2018-09-20,51小财迷,cn.xcm.app.xiaocaimi,金融理财,,小米应用市场
2018-09-20,刷宝,com.yeahka.mach.android.shuabao,金融理财,,小米应用市场
2018-09-20,好贷钱包,com.zmmxx.haodaiqb,金融理财,,小米应用市场
2018-09-20,保互通,com.kwl.bhtapp,金融理财,,小米应用市场
2018-09-20,网金社,com.ifaex_android,金融理财,,小米应用市场
2018-09-20,考拉记账贷款借钱,com.beihui.market,金融理财,,小米应用市场
2018-09-20,豪康金服,com.app.haokang.haokangnew,金融理财,,小米应用市场
2018-09-20,鹏华A加钱包,com.phfund.wallet,金融理财,,小米应用市场
2018-09-20,绍兴银行,com.csii.sx.ui,金融理财,,小米应用市场
2018-09-20,外汇交易投资,com.shxc.smarttrade,金融理财,,小米应用市场
2018-09-20,借点花呗信用贷,com.qijiukeji.jdhb,金融理财,,小米应用市场
2018-09-20,钱借贷款-借钱APP,com.qjdk.qjdk,金融理财,,小米应用市场
2018-09-20,期掌柜,com.baidao.futures,金融理财,,小米应用市场
2018-09-20,广州银行,com.gzbank.mbank.externalpk,金融理财,,小米应用市场
2018-09-20,蜂鸟记账,com.hbird.base,金融理财,,小米应用市场
2018-09-20,宜人贷借款,com.yirendai,金融理财,,小米应用市场
2018-09-20,申港证券,shengang.szkingdom.android.phone,金融理财,,小米应用市场
2018-09-20,芝麻钱袋,com.xsxx.zhimaqd,金融理财,,小米应用市场
2018-09-20,海龟易购,com.jlmmex.kim,金融理财,,小米应用市场
2018-09-20,掌富易购,com.zfukeji.thor,金融理财,,小米应用市场
2018-09-20,钠镁股票,com.ss.android.caijing.stock,金融理财,,小米应用市场
2018-09-20,久久财富,com.libin.wealth,金融理财,,小米应用市场
2018-09-20,包银消费,com.baoyin.credit,金融理财,,小米应用市场
2018-09-20,立享贷,com.work.lixiangdai,金融理财,,小米应用市场
2018-09-20,大成基金,com.dl.dacheng,金融理财,,小米应用市场
2018-09-20,51公积金管家,com.balance6game.housingfund,金融理财,,小米应用市场
2018-09-20,玺格玛理财,com.yysigma.app,金融理财,,小米应用市场
2018-09-20,文华财经随身行,com.zltz.laboure,金融理财,,小米应用市场
2018-09-20,速米袋,com.gs.sumi,金融理财,,小米应用市场
2018-09-20,友金云贷,com.yylending.las,金融理财,,小米应用市场
2018-09-20,惠家理财,com.tm.jhj,金融理财,,小米应用市场
2018-09-20,盈宽财经,com.yingkuan.futures1,金融理财,,小米应用市场
2018-09-20,行情交易宝,io.jinsida.qihuo,金融理财,,小米应用市场
2018-09-20,借秒到,com.chuangmi.jiemd,金融理财,,小米应用市场
2018-09-20,MT4黄金,com.jzhmt4.mthj,金融理财,,小米应用市场
2018-09-20,贷经纪,com.qianli.lendingbroker,金融理财,,小米应用市场
2018-09-20,金基窝,com.linlong.fund,金融理财,,小米应用市场
2018-09-20,简单借款软件,com.jdjk.credit,金融理财,,小米应用市场
2018-09-20,手机贷款,com.sjdk.credit,金融理财,,小米应用市场
2018-09-20,闪电借款借钱,com.sdjk.credit,金融理财,,小米应用市场
2018-09-20,平安自助开户,com.thinkive.mobile.account_pa,金融理财,,小米应用市场
2018-09-20,静心花,com.hzcswl.jingxinh,金融理财,,小米应用市场
2018-09-20,金交所代理,com.bocop.xpadau,金融理财,,小米应用市场
2018-09-20,正好花-分期贷款,com.zhph.zhhweb,金融理财,,小米应用市场
2018-09-20,荷小基,com.hbjj.app,金融理财,,小米应用市场
2018-09-20,股票雷达,com.forecastshare.a1,金融理财,,小米应用市场
2018-09-20,信贷圈,com.haodai.app,金融理财,,小米应用市场
2018-09-20,股票先机-炒股软件,com.lixun.gpxj,金融理财,,小米应用市场
2018-09-20,速时代金融,com.rd.sushidai,金融理财,,小米应用市场
2018-09-20,滴滴金融,com.xiaojukeji.finance,金融理财,,小米应用市场
2018-09-20,给你花-贷款借钱,com.fenqi.geinihua,金融理财,,小米应用市场
2018-09-20,海投汇,com.htouhui.p2p,金融理财,,小米应用市场
2018-09-20,壹钱包,com.paic.zhifu.wallet.activity,金融理财,,小米应用市场
2018-09-20,消信宝,com.xiaohuibang.bangpay,金融理财,,小米应用市场
2018-09-20,银华生利宝,com.ihandy.fund,金融理财,,小米应用市场
2018-09-20,邮储银行,com.yitong.mbank.psbc,金融理财,,小米应用市场
2018-09-20,蜻蜓点金,zhongxinjiantou.szkingdom.android.newphone,金融理财,,小米应用市场
2018-09-20,金惠家,com.platform.jhj,金融理财,,小米应用市场
2018-09-20,点点投顾,com.ddtg,金融理财,,小米应用市场
2018-09-20,银码头,com.creativearts.ymt,金融理财,,小米应用市场
2018-09-20,糯米狗-兼职赚钱,cc.gara.fish.dog,金融理财,,小米应用市场
2018-09-20,拾米证券美股港股,com.sesame.sesameus,金融理财,,小米应用市场
2018-09-20,钱方好近商户,in.haojin.nearbymerchant,金融理财,,小米应用市场
2018-09-20,东航金融,com.kiiik.kiiikmobile,金融理财,,小米应用市场
2018-09-20,长江e号,com.eno.android.cj.page,金融理财,,小米应用市场
2018-09-20,股票牛,com.hyhk.stock,金融理财,,小米应用市场
2018-09-20,班氪,com.taoji.fund,金融理财,,小米应用市场
2018-09-20,万象信用,com.ccx.zhengxin,金融理财,,小米应用市场
2018-09-20,优顾炒股,com.jhss.youguu,金融理财,,小米应用市场
2018-09-20,立即借-贷款钱包,cn.tll.ibloan,金融理财,,小米应用市场
2018-09-20,模拟炒股票,com.winner.simulatetrade,金融理财,,小米应用市场
2018-09-20,借钱快借钱,com.work.jieqiankuai,金融理财,,小米应用市场
2018-09-20,交行企业银行,com.bankcomm.embs,金融理财,,小米应用市场
2018-09-20,亿联银行,com.yilianbank.yilian,金融理财,,小米应用市场
2018-09-20,合众e贷-投资理财,com.hzcf,金融理财,,小米应用市场
2018-09-20,牛股宝典,com.yuej.ngbd,金融理财,,小米应用市场
2018-09-20,金算子,com.dingyifeng.cyt.wallet,金融理财,,小米应用市场
2018-09-20,金小宝,com.srxxkj.jinxiaob,金融理财,,小米应用市场
2018-09-20,恒聚金服,com.ndjx.hengjujf,金融理财,,小米应用市场
2018-09-20,京东钱包,com.wangyin.payment,金融理财,,小米应用市场
2018-09-20,洪泽农商银行,cn.com.untech.hongze.loan,金融理财,,小米应用市场
2018-09-20,哆啦钱包,com.jjjzxx.duolaqb,金融理财,,小米应用市场
2018-09-20,U卡贷,com.socian.ucard,金融理财,,小米应用市场
2018-09-20,月月花,com.duozhe.yyh,金融理财,,小米应用市场
2018-09-20,无忧借贷,com.qfjr.qinfengj,金融理财,,小米应用市场
2018-09-20,奕齐金融,com.yiqigroup.Yiqijinrongcankao,金融理财,,小米应用市场
2018-09-20,幸运借,com.zwwl.xingyunj,金融理财,,小米应用市场
2018-09-20,友刷,com.cardinfo.qpay,金融理财,,小米应用市场
2018-09-20,包商银行,cn.com.bsb.mbank,金融理财,,小米应用市场
2018-09-20,快贷,com.caimi.kuaidai,金融理财,,小米应用市场
2018-09-20,卡牛信用管家,com.mymoney.sms,金融理财,,小米应用市场
2018-09-20,借钱快手,com.lightpalm.daidai,金融理财,,小米应用市场
2018-09-20,我来借,com.huijiebao,金融理财,,小米应用市场
2018-09-20,打个借条-快速贷款,com.huijieiou,金融理财,,小米应用市场
2018-09-20,牛仔网股票,cn.cowboy9666.live,金融理财,,小米应用市场
2018-09-20,原子贷,com.rong.fastloan,金融理财,,小米应用市场
2018-09-20,尊嘉金融,com.juniorchina.jcstock,金融理财,,小米应用市场
2018-09-20,你我贷借款,com.niwodai.universityloan,金融理财,,小米应用市场
2018-09-20,民贷天下,com.mdcn.mdonline,金融理财,,小米应用市场
2018-09-20,米到钱包-信用贷款,com.jixinwang.jixinwang,金融理财,,小米应用市场
2018-09-20,人人聚财,com.rrjc.activity,金融理财,,小米应用市场
2018-09-20,助好贷-小额贷款,com.sinaif.credit4,金融理财,,小米应用市场
2018-09-20,洋钱罐,com.lingyue.YqgAndroid,金融理财,,小米应用市场
2018-09-20,优投顾股票,com.upchina.advisor,金融理财,,小米应用市场
2018-09-20,戒易花,com.jrapp.cashloan,金融理财,,小米应用市场
2018-09-20,敢贷,com.example.jixin,金融理财,,小米应用市场
2018-09-20,东风PSA金融,cn.com.dpcafc.customer2,金融理财,,小米应用市场
2018-09-20,安润金融,com.ctbr.arjr,金融理财,,小米应用市场
2018-09-20,你来借,com.rxtrxx.nilaij,金融理财,,小米应用市场
2018-09-20,国联尊宝,com.glsc2,金融理财,,小米应用市场
2018-09-20,好趣分期,com.yaqi.mj.hqfq,金融理财,,小米应用市场
2018-09-20,加油花,com.zhuyu.bi.loans,金融理财,,小米应用市场
2018-09-20,九商信用卡,cn.com.pactera.jtns,金融理财,,小米应用市场
2018-09-20,财神爷爷,com.licai,金融理财,,小米应用市场
2018-09-20,秒借呗,com.zybl.loanapply,金融理财,,小米应用市场
2018-09-20,淘金家,com.taojinjia.wecube,金融理财,,小米应用市场
2018-09-20,宜人贷款-极速借钱,com.yirendai.rnloan,金融理财,,小米应用市场
2018-09-20,助力钱包贷款,com.zlqb.app,金融理财,,小米应用市场
2018-09-20,数字钱包,com.innext.szqb,金融理财,,小米应用市场
2018-09-20,17来财,yqlc.com,金融理财,,小米应用市场
2018-09-20,惠客钱包,cn.newmustpay.goodpurse,金融理财,,小米应用市场
2018-09-20,e融所理财,com.myerong.p2p,金融理财,,小米应用市场
2018-09-20,前海联合基金,com.jinzheng.qhlh,金融理财,,小米应用市场
2018-09-20,现金大人,com.qiantu.sdzx,金融理财,,小米应用市场
2018-09-20,无忧白条,com.xybt.wybt,金融理财,,小米应用市场
2018-09-20,国元期货,com.klxair.yuanfutures,金融理财,,小米应用市场
2018-09-20,预测赢家,com.ycyj,金融理财,,小米应用市场
2018-09-20,中赢金融,com.chinazyjr.zyjr,金融理财,,小米应用市场
2018-09-20,能投在线,com.nengtou.energy,金融理财,,小米应用市场
2018-09-20,借花花贷款,com.jhh,金融理财,,小米应用市场
2018-09-20,融贝网,com.rongbei,金融理财,,小米应用市场
2018-09-20,摩尔金融,com.moer.moerfinance,金融理财,,小米应用市场
2018-09-20,薄荷好借,com.mintq.bhfq,金融理财,,小米应用市场
2018-09-20,团贷网,com.junte,金融理财,,小米应用市场
2018-09-20,积木盒子,com.lr.jimuboxmobile,金融理财,,小米应用市场
2018-09-20,借点钱贷款借钱,com.wdzj.borrowmoney,金融理财,,小米应用市场
2018-09-20,六脉智投-炒股神器,ds.sixmac.android,金融理财,,小米应用市场
2018-09-20,菲凡烽火台-情报局,com.feifan.beacontower,金融理财,,小米应用市场
2018-09-20,大王贷款-小额贷款,com.sinaif.suploan,金融理财,,小米应用市场
2018-09-20,有还信用卡贷,com.sinaif.hcreditshort,金融理财,,小米应用市场
2018-09-20,天弘爱理财,com.thfund.client,金融理财,,小米应用市场
2018-09-20,淘股王炒股票,com.qifuxiang.tgw,金融理财,,小米应用市场
2018-09-20,U钱包,com.dianrong.uloan,金融理财,,小米应用市场
2018-09-20,魔借,com.dianrong.speedloan1,金融理财,,小米应用市场
2018-09-20,花借-贷款借钱,com.yqh.yaoqianhua,金融理财,,小米应用市场
2018-09-20,麦子金服财富,com.nonoapp,金融理财,,小米应用市场
2018-09-20,金创金融借钱贷款,com.jcjrjqdk.app,金融理财,,小米应用市场
2018-09-20,菊花贷-信用卡贷款,com.aigao.oloan,金融理财,,小米应用市场
2018-09-20,乐贷款,com.maimob.loan,金融理财,,小米应用市场
2018-09-20,持股帮,com.wlstock.fund,金融理财,,小米应用市场
2018-09-20,钱帮主,com.example.qbz,金融理财,,小米应用市场
2018-09-20,招商银行,cmb.pb,金融理财,,小米应用市场
2018-09-20,小鲨易贷,com.incooltech.xsyd,金融理财,,小米应用市场
2018-09-20,网易有钱记账,com.netease.moneykeeper,金融理财,,小米应用市场
2018-09-20,我来贷,co.welab.wolaidai,金融理财,,小米应用市场
2018-09-20,马上金融,com.msxf.loan,金融理财,,小米应用市场
2018-09-20,马上理财经理版,com.mashanglc.android.licaimanager,金融理财,,小米应用市场
2018-09-20,国美易卡,com.gomejr.icash,金融理财,,小米应用市场
2018-09-20,一牛财经,com.jyh.kxt,金融理财,,小米应用市场
2018-09-20,盈盈有钱-贷款借钱,com.win.wallet,金融理财,,小米应用市场
2018-09-20,方正环球交易宝,com.konsonsmx.fdr,金融理财,,小米应用市场
2018-09-20,信易客-信贷经理,com.cloudcns.xinyike,金融理财,,小米应用市场
2018-09-20,飞贷,com.yanxin.eloanan,金融理财,,小米应用市场
2018-09-20,新一站保险,com.focustech.xyz,金融理财,,小米应用市场
2018-09-20,智能炒股票,com.gushangtouzi.cwp.zncgp,金融理财,,小米应用市场
2018-09-20,中国工商银行,com.icbc,金融理财,,小米应用市场
2018-09-20,企业手机银行,com.icbc.wapc,金融理财,,小米应用市场
2018-09-20,工银融e联,com.icbc.im,金融理财,,小米应用市场
2018-09-20,剪刀手,com.jiandaoshou,金融理财,,小米应用市场
2018-09-20,永隆银行一点通,com.wlb.android,金融理财,,小米应用市场
2018-09-20,薄荷记账,melandru.lonicera,金融理财,,小米应用市场
2018-09-20,投资数据库,cn.com.investdata,金融理财,,小米应用市场
2018-09-20,开金中心,com.kxjf.kaifae,金融理财,,小米应用市场
2018-09-20,翼钱包,com.fenmi.glx.miaodaixia,金融理财,,小米应用市场
2018-09-20,本座AI炒股,com.benzuo.stockai,金融理财,,小米应用市场
2018-09-20,借帮帮,com.example.administrator.jbangbang,金融理财,,小米应用市场
2018-09-20,速贷呗,com.fztz.sdb,金融理财,,小米应用市场
2018-09-20,乐先花,com.yxjr.lxh,金融理财,,小米应用市场
2018-09-20,信融投资,com.jindingp2p.xrtz,金融理财,,小米应用市场
2018-09-20,徽商银行,com.hsbank.mobilebank,金融理财,,小米应用市场
2018-09-20,民生财富汇,com.tdx.AndroidMSZQ,金融理财,,小米应用市场
2018-09-20,萌付宝,cn.newmustpay.purse,金融理财,,小米应用市场
2018-09-20,360贷款导航,com.qihoo.miaojie,金融理财,,小米应用市场
2018-09-20,惠金所,com.hfax.app,金融理财,,小米应用市场
2018-09-20,富盛财经,com.jindashi.sinafutures,金融理财,,小米应用市场
2018-09-20,展恒基金网,com.myfp.myfund,金融理财,,小米应用市场
2018-09-20,华镇金服,com.huazhen.financing,金融理财,,小米应用市场
2018-09-20,微企宝,com.rongcan.wqb,金融理财,,小米应用市场
2018-09-20,广富宝金服,com.gofobao,金融理财,,小米应用市场
2018-09-20,帝壹信用管家,com.android.cust,金融理财,,小米应用市场
2018-09-20,随时贷,net.lezhongyou.suiyidai,金融理财,,小米应用市场
2018-09-20,人人淘金现货微盘,com.example.touzi.renren,金融理财,,小米应用市场
2018-09-20,票据宝,com.sz.p2p.pjb,金融理财,,小米应用市场
2018-09-20,Beta理财师,com.betawm.baw,金融理财,,小米应用市场
2018-09-20,皮皮虾钱包,com.nbqnwl.pipixiaqb,金融理财,,小米应用市场
2018-09-20,东财国际证券,com.eastmoney.android.lead,金融理财,,小米应用市场
2018-09-20,招联金融,com.zl.fqbao,金融理财,,小米应用市场
2018-09-20,点牛金融,com.dianniu,金融理财,,小米应用市场
2018-09-20,81贷,com.nbqwdz.bayid,金融理财,,小米应用市场
2018-09-20,查查公积金,com.rong360.app.cc_fund,金融理财,,小米应用市场
2018-09-20,汇智财经,com.yskj.hzfinance,金融理财,,小米应用市场
2018-09-20,宝贝钱袋,com.project.purse,金融理财,,小米应用市场
2018-09-20,e合众,com.ulic.misp.asp,金融理财,,小米应用市场
2018-09-20,江米条,cn.xmjbq.loanshop,金融理财,,小米应用市场
2018-09-20,集金号,cn.jijinhao.td.android,金融理财,,小米应用市场
2018-09-20,米庄,com.mz.mi,金融理财,,小米应用市场
2018-09-20,读秒钱包,com.pintec.dumiao,金融理财,,小米应用市场
2018-09-20,领涨股-股票炒股,com.chenxikeji.cwp.lingzhanggu,金融理财,,小米应用市场
2018-09-20,鲨鱼记账-记账本,com.shark.jizhang,金融理财,,小米应用市场
2018-09-20,沃钱包,com.unicom.wopay,金融理财,,小米应用市场
2018-09-20,中汇掌富通,com.cnepay.android.swiper,金融理财,,小米应用市场
2018-09-20,信用来分期,com.ygs407930d.yueguangsudai,金融理财,,小米应用市场
2018-09-20,点融投资,dianrong.com,金融理财,,小米应用市场
2018-09-20,云闪付,com.unionpay,金融理财,,小米应用市场
2018-09-20,大额分期,com.tjgy.daefenqi,金融理财,,小米应用市场
2018-09-20,口袋记账,com.qeeniao.mobile.kdjz,金融理财,,小米应用市场
2018-09-20,钱先生®,com.qianxs,金融理财,,小米应用市场
2018-09-20,友金所,com.yyfax.app,金融理财,,小米应用市场
2018-09-20,开鑫贷,com.kxjf.gkkxd,金融理财,,小米应用市场
2018-09-20,挖财信用卡管家,com.caimi.creditcard,金融理财,,小米应用市场
2018-09-20,东吴秀财,com.logictech.scs,金融理财,,小米应用市场
2018-09-20,直达国际,com.shanghaizhida.newmtrader,金融理财,,小米应用市场
2018-09-20,爱贷借款,com.rd.zdbao.adwjk,金融理财,,小米应用市场
2018-09-20,凡普快车,com.finupgroup.carmortgage,金融理财,,小米应用市场
2018-09-20,中泰齐富通,com.qlscupgrade,金融理财,,小米应用市场
2018-09-20,朝阳爱理财,com.fund.ifinancing,金融理财,,小米应用市场
2018-09-20,生菜金融,com.shengcaijinrong.app,金融理财,,小米应用市场
2018-09-20,微牛,com.webull.trade,金融理财,,小米应用市场
2018-09-20,白鸽保险,com.gongzhongbgb,金融理财,,小米应用市场
2018-09-20,钱包易贷-贷款,com.qianbao.guanjia.easyloan,金融理财,,小米应用市场
2018-09-20,康美钱包,com.kmpay518,金融理财,,小米应用市场
2018-09-20,遂心如E,cn.com.yusys.smrx,金融理财,,小米应用市场
2018-09-20,财客钱包-短期理财,com.caikr.ck,金融理财,,小米应用市场
2018-09-20,国泰君安君弘,com.guotai.dazhihui,金融理财,,小米应用市场
2018-09-20,圈子账本-简单记账,com.account.book.quanzi,金融理财,,小米应用市场
2018-09-20,金牛理财师,com.jnlc.jnfinancialplanner,金融理财,,小米应用市场
2018-09-20,信用白条,com.wzdai.xybt,金融理财,,小米应用市场
2018-09-20,花生米富,com.hangsu.xiaoxiaodaiduo.peanutrich,金融理财,,小米应用市场
2018-09-20,水象分期,com.waterelephant.waterelephantloan,金融理财,,小米应用市场
2018-09-20,陆国际,com.luglobal.android,金融理财,,小米应用市场
2018-09-20,现金白条,com.xybt.xjbt,金融理财,,小米应用市场
2018-09-20,度小满理财,com.baidu.finance,金融理财,,小米应用市场
2018-09-20,云钱借款,com.yunqianhua.yunqianjiekuan,金融理财,,小米应用市场
2018-09-20,股票宝,com.celjy.gpb,金融理财,,小米应用市场
2018-09-20,还呗,com.shuhekeji,金融理财,,小米应用市场
2018-09-20,PPmoney理财,com.pmp.ppmoney,金融理财,,小米应用市场
2018-09-20,口袋外汇,com.wattforex,金融理财,,小米应用市场
2018-09-20,优品股票通,com.upchina,金融理财,,小米应用市场
2018-09-20,借贷365,com.qmdk.jdslw,金融理财,,小米应用市场
2018-09-20,金桥证券,com.vtech.app.astock,金融理财,,小米应用市场
2018-09-20,有用钱包,com.yywallet.gringotts,金融理财,,小米应用市场
2018-09-20,卡旗信用卡管家,com.admin.kaqi,金融理财,,小米应用市场
2018-09-20,华夏信财,com.hxxc.user.app,金融理财,,小米应用市场
2018-09-20,蚂蚁投资教室,com.ylteb.antlive,金融理财,,小米应用市场
2018-09-20,威阳普惠,com.gtedai.gtedai,金融理财,,小米应用市场
2018-09-20,万和手机证券,com.hexin.plat.android.WanHeSecurity,金融理财,,小米应用市场
2018-09-20,五斗米,com.midai.wdm,金融理财,,小米应用市场
2018-09-20,银盛通,com.ysepay.mobileportal.activity,金融理财,,小米应用市场
2018-09-20,金回购,com.enternityfintech.gold.app,金融理财,,小米应用市场
2018-09-20,桔子快贷,com.mesio.loan,金融理财,,小米应用市场
2018-09-20,涨乐财富通,com.lphtsccft,金融理财,,小米应用市场
2018-09-20,直销银行,com.wefax.nbank,金融理财,,小米应用市场
2018-09-20,灵通钱包,com.myth.athena.informedloan,金融理财,,小米应用市场
2018-09-20,省呗,com.samoyed.credit,金融理财,,小米应用市场
2018-09-20,王者闪贷,com.zxy.kingloan,金融理财,,小米应用市场
2018-09-20,叩富炒股,com.tech.koufu,金融理财,,小米应用市场
2018-09-20,小牛股票,cn.jiufu.xngp,金融理财,,小米应用市场
2018-09-20,一呗,com.pseer.yibei,金融理财,,小米应用市场
2018-09-20,波浪智投-外汇理财,com.wavehk.android,金融理财,,小米应用市场
2018-09-20,平安+PLUS,com.pingan.mc.plus,金融理财,,小米应用市场
2018-09-20,大白钱包,com.kdlc.xqb,金融理财,,小米应用市场
2018-09-20,黄河银行,com.bank,金融理财,,小米应用市场
2018-09-20,泰融普惠,com.tailong.p2papp,金融理财,,小米应用市场
2018-09-20,君财金服,com.juncaijinfu.rattletrap,金融理财,,小米应用市场
2018-09-20,微贷,com.weidaiwang.creditloan,金融理财,,小米应用市场
2018-09-20,钱盆网,com.dimeng.p2p.gxqt,金融理财,,小米应用市场
2018-09-20,东兴198,net.dxzq.jgzx,金融理财,,小米应用市场
2018-09-20,钱街,com.hzdg.qianjie,金融理财,,小米应用市场
2018-09-20,PPmoney网贷,com.pmp.ppmoney.wangdai,金融理财,,小米应用市场
2018-09-20,中原消费金融,com.hnzycfc.zyxj,金融理财,,小米应用市场
2018-09-20,可来股票,com.hpkj.x,金融理财,,小米应用市场
2018-09-20,51开心袋,com.demo.kxd,金融理财,,小米应用市场
2018-09-20,贷款大师,com.rzj.dkds,金融理财,,小米应用市场
2018-09-20,金元宝理财,com.tianpin.juehuan,金融理财,,小米应用市场
2018-09-20,钜丰贵金属,com.jfjinye.jfjinye,金融理财,,小米应用市场
2018-09-20,钱秒借,com.qianchang.microfinance,金融理财,,小米应用市场
2018-09-20,普罗汇外汇,com.profit.app,金融理财,,小米应用市场
2018-09-20,泰然金融,com.tairanchina.taiheapp,金融理财,,小米应用市场
2018-09-20,金袋袋,com.goldmidai.android.gold,金融理财,,小米应用市场
2018-09-20,有币,com.manymanycoin.android,金融理财,,小米应用市场
2018-09-20,人人贷财富,com.renrendai.finance,金融理财,,小米应用市场
2018-09-20,小鸽理财,com.anjbo.finance,金融理财,,小米应用市场
2018-09-20,美通金融,com.meitong.mzsloan,金融理财,,小米应用市场
2018-09-20,华盛通,com.huasheng.stock,金融理财,,小米应用市场
2018-09-20,浦发信用卡,com.spdbccc.app,金融理财,,小米应用市场
2018-09-20,个人社保查询,com.sb.grsbcx,金融理财,,小米应用市场
2018-09-20,花无尽借钱,com.qianhaishuliang.shop,金融理财,,小米应用市场
2018-09-20,中业兴融,com.zyxr.home.toulfhome,金融理财,,小米应用市场
2018-09-20,彩麒麟,com.ucf.cqlp2p,金融理财,,小米应用市场
2018-09-20,翼龙贷借款,com.eloancn.borrower,金融理财,,小米应用市场
2018-09-20,去投网,com.hyxdcg.qutou,金融理财,,小米应用市场
2018-09-20,要借么,com.xybt.yjm,金融理财,,小米应用市场
2018-09-20,乐助贷,com.yipos.lezhudai,金融理财,,小米应用市场
2018-09-20,小马贷款,haolaidai.cloudcns.com.haolaidaijisu,金融理财,,小米应用市场
2018-09-20,枫叶理财,com.allyoubank.fengye,金融理财,,小米应用市场
2018-09-20,好信账单,com.hrhx.android.app,金融理财,,小米应用市场
2018-09-20,牛股王股票-炒股票,com.niuguwang.stock,金融理财,,小米应用市场
2018-09-20,汇正财经,com.gzhzcj,金融理财,,小米应用市场
2018-09-20,借介贷款,com.zhph.yjfq,金融理财,,小米应用市场
2018-09-20,金蛋理财,com.jindan.p2p,金融理财,,小米应用市场
2018-09-20,亚联财贷款,com.uadzd,金融理财,,小米应用市场
2018-09-20,宜人财富,com.creditwealth.client,金融理财,,小米应用市场
2018-09-20,争时金融,com.ccmtjf.zhengshi,金融理财,,小米应用市场
2018-09-20,口袋贵金属,org.sojex.finance,金融理财,,小米应用市场
2018-09-20,微贷网,com.renrun.aphone.app,金融理财,,小米应用市场
2018-09-20,借钱多,com.zyjk.borrowmore,金融理财,,小米应用市场
2018-09-20,易借款,com.mstaz.app.toolset,金融理财,,小米应用市场
2018-09-20,股票云盯盘,com.qn.gpcloud,金融理财,,小米应用市场
2018-09-20,去哪借,com.qc.w2loan,金融理财,,小米应用市场
2018-09-20,城市贷,com.ppdai.loan.city,金融理财,,小米应用市场
2018-09-20,方德港美股,com.fdzq.app,金融理财,,小米应用市场
2018-09-20,国海金探号,com.eno.android,金融理财,,小米应用市场
2018-09-20,小卡贷借款,com.xiaokadai.smycredit,金融理财,,小米应用市场
2018-09-20,广信贷投资,com.gxd.guangxin,金融理财,,小米应用市场
2018-09-20,吉爱财,com.ailicai.app,金融理财,,小米应用市场
2018-09-20,极光金融,com.jigoon.www,金融理财,,小米应用市场
2018-09-20,国盛通,com.hundsun.stockwinner.gszq,金融理财,,小米应用市场
2018-09-20,现金借款到账快,com.caimao.cashloan.xjjk,金融理财,,小米应用市场
2018-09-20,凤凰金融,com.fengjr.mobile,金融理财,,小米应用市场
2018-09-20,惠投无忧,com.huitou51.app,金融理财,,小米应用市场
2018-09-20,她理财,com.talicai.talicaiclient,金融理财,,小米应用市场
2018-09-20,微金石,com.hzjs.wjs,金融理财,,小米应用市场
2018-09-20,一账通,com.pingan.yzt,金融理财,,小米应用市场
2018-09-20,多啦聚财,com.jyph.dolabank,金融理财,,小米应用市场
2018-09-20,格上财富,com.licai.gslicai,金融理财,,小米应用市场
2018-09-20,钱进袋,com.jieyue.cashloan,金融理财,,小米应用市场
2018-09-20,贷款借钱分期借贷,com.heibiao.daichao,金融理财,,小米应用市场
2018-09-20,你我贷,com.chinaideal.bkclient.tabmain,金融理财,,小米应用市场
2018-09-20,长城易,com.ccsc,金融理财,,小米应用市场
2018-09-20,钱牛牛,com.qsq.qianshengqian,金融理财,,小米应用市场
2018-09-20,点点,com.zhonglian.diandian,金融理财,,小米应用市场
2018-09-20,可萌记账-理财账本,net.ffrj.pinkwallet,金融理财,,小米应用市场
2018-09-20,随心贷,com.xybt.sxdai,金融理财,,小米应用市场
2018-09-20,优啦科技电商贷,com.zltd.loanapply,金融理财,,小米应用市场
2018-09-20,有鱼记账,com.jz.youyu,金融理财,,小米应用市场
2018-09-20,联合汇率,com.lineying.linecurrency,金融理财,,小米应用市场
2018-09-20,维信卡卡贷,com.vcredit.kkcredit,金融理财,,小米应用市场
2018-09-20,融e生活,com.szicbc.mobile,金融理财,,小米应用市场
2018-09-20,粤交易微赚投资,com.example.zhanghuanyu.stock,金融理财,,小米应用市场
2018-09-20,多多贷,com.rongxiangkeji.main,金融理财,,小米应用市场
2018-09-20,阳光秒贷,com.scyghy.yangguangmd,金融理财,,小米应用市场
2018-09-20,花花钱包借钱贷款,com.jie.jieqiandaikuan,金融理财,,小米应用市场
2018-09-20,华润通金融,com.crc.fintech.app,金融理财,,小米应用市场
2018-09-20,中和金服,com.cfpamf.zhjfapp,金融理财,,小米应用市场
2018-09-20,每日一股,HX.MRYG,金融理财,,小米应用市场
2018-09-20,蘑菇钱包,com.www.cn.moguqianbao,金融理财,,小米应用市场
2018-09-20,悟空宝,com.hxdpay.wkb,金融理财,,小米应用市场
2018-09-20,吉祥宝理财,com.lenso.jixiangbao,金融理财,,小米应用市场
2018-09-20,钮扣金,com.hxdpay.csf,金融理财,,小米应用市场
2018-09-20,麻袋财富,com.tengniu.p2p.tnp2p,金融理财,,小米应用市场
2018-09-20,51黑卡,com.guoshujinfu.mobile.bcard51,金融理财,,小米应用市场
2018-09-20,宁波银行,com.nbbank,金融理财,,小米应用市场
2018-09-20,利弗莫尔证券,com.livermore.security,金融理财,,小米应用市场
2018-09-20,华润直销银行,cn.com.hrcrb.mobile.directbank,金融理财,,小米应用市场
2018-09-20,亲亲小财,com.android.qqlc.financ,金融理财,,小米应用市场
2018-09-20,海南农信,com.nxy.hn,金融理财,,小米应用市场
2018-09-20,懒猫钱钱,com.imaocn.lazycat,金融理财,,小米应用市场
2018-09-20,青岛银行,com.rytong.bankqd,金融理财,,小米应用市场
2018-09-20,鱼猫金服,com.ionicframework.yumao958693,金融理财,,小米应用市场
2018-09-20,闪电借款,cn.com.weshare.jiekuan,金融理财,,小米应用市场
2018-09-20,轻松借,com.madai.eazyloan,金融理财,,小米应用市场
2018-09-20,疯牛直播,com.iqiniu.qiniu,金融理财,,小米应用市场
2018-09-20,万达普惠,com.wdjr.loan,金融理财,,小米应用市场
2018-09-20,金投网贵金属原油,com.sangame.jjhcps.android,金融理财,,小米应用市场
2018-09-20,海豚外汇,com.dolphinwit.app,金融理财,,小米应用市场
2018-09-20,借呗借款,mjjbdk.com.loancreate,金融理财,,小米应用市场
2018-09-20,前子期货,com.syw.futures.qianzi,金融理财,,小米应用市场
2018-09-20,众邦直销银行,com.csii.zbdirect,金融理财,,小米应用市场
2018-09-20,闪贷借款,com.haodai.flashloan,金融理财,,小米应用市场
2018-09-20,OKEx,com.okinc.okex,金融理财,,小米应用市场
2018-09-20,储宝宝,com.thinkive.android.lczq_invest,金融理财,,小米应用市场
2018-09-20,海金社,com.rd.haijinshe,金融理财,,小米应用市场
2018-09-20,浙农金服,com.znjf33.znjf,金融理财,,小米应用市场
2018-09-20,华信期货,com.huaxinqihuo.mhdxh,金融理财,,小米应用市场
2018-09-20,魔活儿智投,com.mohuoer.licai,金融理财,,小米应用市场
2018-09-20,银谷在线,com.yingu.jr,金融理财,,小米应用市场
2018-09-20,米金社,com.rd.mjs,金融理财,,小米应用市场
2018-09-20,现金贷,com.duorong.xianjingdai,金融理财,,小米应用市场
2018-09-20,昆山农商行,com.yitong.ksrcb.mbank.android,金融理财,,小米应用市场
2018-09-20,Followme交易社区,com.followme.followme,金融理财,,小米应用市场
2018-09-20,石银直销,com.csii.zxbmobile,金融理财,,小米应用市场
2018-09-20,金狮智投,com.zm.investment,金融理财,,小米应用市场
2018-09-20,鑫梦享消费贷,cn.com.njxmxbank.mbank,金融理财,,小米应用市场
2018-09-20,东方财富期货,com.eastmoney.app.qhsjkh,金融理财,,小米应用市场
2018-09-20,ETF组合宝,ai.tick.www.etfzhb,金融理财,,小米应用市场
2018-09-20,易工家,com.workinghours,金融理财,,小米应用市场
2018-09-20,乐金所,com.diyou.php_lejinsuo,金融理财,,小米应用市场
2018-09-20,车金互联,com.chejin360.carfinance.pd,金融理财,,小米应用市场
2018-09-20,蜡笔分期,com.bank9f.staging,金融理财,,小米应用市场
2018-09-20,有米钱袋,com.jishi.youmi,金融理财,,小米应用市场
2018-09-20,好米钱包,com.zhiyu.haomi,金融理财,,小米应用市场
2018-09-20,电e宝,cn.com.htjc.pay,金融理财,,小米应用市场
2018-09-20,啪啪钱包,com.xncredit.dxb,金融理财,,小米应用市场
2018-09-20,炒股票入门,cn.com.cf8.school,金融理财,,小米应用市场
2018-09-20,博星证券,com.mainone.boxing,金融理财,,小米应用市场
2018-09-20,点掌财经,tv.aniu.app.dzlc,金融理财,,小米应用市场
2018-09-20,江苏银行,cn.jsb.china,金融理财,,小米应用市场
2018-09-20,有鱼智投,com.ruifusoft.wm,金融理财,,小米应用市场
2018-09-20,小赢理财,com.yingzt.invest,金融理财,,小米应用市场
2018-09-20,惠融易-小额贷款app,com.huirongyi,金融理财,,小米应用市场
2018-09-20,朵朵金融理财,com.duoduo.android,金融理财,,小米应用市场
2018-09-20,河马钱贷-借钱软件,com.hmqiandai.app,金融理财,,小米应用市场
2018-09-20,有鱼基金,com.caiyi.fund.trade,金融理财,,小米应用市场
2018-09-20,钱包包,fastLoan.com.loancreate,金融理财,,小米应用市场
2018-09-20,享乐购,com.xybt.xlgou,金融理财,,小米应用市场
2018-09-20,指旺财富-宜信旗下,com.creditease.zhiwang,金融理财,,小米应用市场
2018-09-20,万得股票,wind.android,金融理财,,小米应用市场
2018-09-20,正心谷资本,com.loyal.m,金融理财,,小米应用市场
2018-09-20,微记账,com.kunxun.wjz,金融理财,,小米应用市场
2018-09-20,小钱包-现金贷款,cn.com.kingwins.wmloan,金融理财,,小米应用市场
2018-09-20,融360,com.rong360.app,金融理财,,小米应用市场
2018-09-20,随时现金,com.suishixianjin.company,金融理财,,小米应用市场
2018-09-20,铜牛聚财,com.ch.finance,金融理财,,小米应用市场
2018-09-20,交易宝云微赚投资,com.example.touzi.jiaoyibao,金融理财,,小米应用市场
2018-09-20,白银,com.byqht.forward,金融理财,,小米应用市场
2018-09-20,国金普惠,com.guojin,金融理财,,小米应用市场
2018-09-20,卡沃,com.yijin.icardwow,金融理财,,小米应用市场
2018-09-20,快支付,com.yeahka.android.saobei,金融理财,,小米应用市场
2018-09-20,知富,com.lanx.zhifu.android,金融理财,,小米应用市场
2018-09-20,捞财宝,com.onlinecredit.laomoney.android,金融理财,,小米应用市场
2018-09-20,大米贷款,com.zhongxi.dami,金融理财,,小米应用市场
2018-09-20,纷领钱包,jttech.com.loancreate,金融理财,,小米应用市场
2018-09-20,任性贷-借钱贷款,com.znsb.renxingdai,金融理财,,小米应用市场
2018-09-20,南华期货,net.nanhua.app,金融理财,,小米应用市场
2018-09-20,嘀嗒速贷,com.example.dedasudai,金融理财,,小米应用市场
2018-09-20,华赞,com.wisdom.market,金融理财,,小米应用市场
2018-09-20,火箭贷,com.fhkj.huojiand,金融理财,,小米应用市场
2018-09-20,众安杏仁派,com.zhongan.almondpie,金融理财,,小米应用市场
2018-09-20,企业银行,com.cmb.ubank.UBUI,金融理财,,小米应用市场
2018-09-20,微贷款,com.rybring.weidai,金融理财,,小米应用市场
2018-09-20,e钱包,com.efund.jqb,金融理财,,小米应用市场
2018-09-20,来借钱花呗,com.ljq.credit,金融理财,,小米应用市场
2018-09-20,FXgo,com.trade.fxgo,金融理财,,小米应用市场
2018-09-20,卡宝-信用卡取现,com.kawang.qx,金融理财,,小米应用市场
2018-09-20,鑫财通,lthj.exchangestock,金融理财,,小米应用市场
2018-09-20,金罗盘,com.cssweb.android.main,金融理财,,小米应用市场
2018-09-20,速贷现金借款贷款,cn.mifengkong.huaxiaapp,金融理财,,小米应用市场
2018-09-20,中银国际期货,com.zhongyinguoji.mhdxh,金融理财,,小米应用市场
2018-09-20,多彩投,com.duocaitou.app,金融理财,,小米应用市场
2018-09-20,萝卜投研,com.datayes.irr,金融理财,,小米应用市场
2018-09-20,阿拉丁金服,com.ald.aldfinance,金融理财,,小米应用市场
2018-09-20,同花顺投资账本,com.hexin.zhanghu,金融理财,,小米应用市场
2018-09-20,汇财富,com.tahone.client,金融理财,,小米应用市场
2018-09-20,黄金e家,com.huangjinyingjia.gold,金融理财,,小米应用市场
2018-09-20,店管家,com.example.kingnew,金融理财,,小米应用市场
2018-09-20,榕树贷款-借款借钱,com.shuqu.banyan,金融理财,,小米应用市场
2018-09-20,金米记账,com.jmgj.app.life,金融理财,,小米应用市场
2018-09-20,金米管家,com.jmgj.app,金融理财,,小米应用市场
2018-09-20,中国银行,com.chinamworld.bocmbci,金融理财,,小米应用市场
2018-09-20,优接单,com.star.qiangdan,金融理财,,小米应用市场
2018-09-20,乐宝袋,com.lbdfun.android.app,金融理财,,小米应用市场
2018-09-20,小白账单管家,com.jinchenshenghui.xbzd,金融理财,,小米应用市场
2018-09-20,小树时代网贷,com.xssd.licaicg,金融理财,,小米应用市场
